title,url,description,object-slug,object-id,object,status,type,parent
About,#,,,,,published,custom,
About Us,,,about-us,,page,published,post_type,About
Affiliates,,,affiliates,,page,published,post_type,About
Clients,,,clients,,page,published,post_type,About
"Diversity, Equity, and Inclusion",,,diversity-equity-and-inclusion,,page,published,post_type,About
Social Responsibility,,,social-responsibility,,page,published,post_type,About
Team,,,team,,page,published,post_type,About
Services,,,services,,page,published,post_type,
Sectors,,,sectors,,page,published,post_type,
Locations,#,,,,,published,custom,
Americas,,,locations-na,,page,published,post_type,Locations
Europe + UK,,,locations-eu,,page,published,post_type,Locations
News + Insights,#,,,,,published,custom,
Latest Updates,,,news-insights,,page,published,post_type,News + Insights
News,,,news,,news_category,published,taxonomy,News + Insights
Company Blog,,,blog,,news_category,published,taxonomy,News + Insights
Podcast,,,podcasts,,news_category,published,taxonomy,News + Insights
Press Releases,,,press-releases,,news_category,published,taxonomy,News + Insights
Events,,,events,,page,published,post_type,
Market Analysis,,,market-analysis,,page,published,post_type,
Careers,#,,,,,published,custom,
Career Opportunities,,,careers,,page,published,post_type,Careers
Benefits + Recognition,,,benefits-and-recognition,,page,published,post_type,Careers
Hiring Process,,,hiring-process,,page,published,post_type,Careers
Life at Cumming,,,life-at-cumming,,page,published,post_type,Careers