id,title,slug,location,email,phone,address,region
68249,London,london,England,,+44 (0) 20 7323 6809,"1 Fellmongers Path, Tower Bridge Road, London, SE1 3LY",england
68250,Buckingham,buckingham,England,,,"Units 11 & 12, Apollo Office Court, Radclive Road, Gawcott, Buckingham, MK18 4DF",england
68251,Birmingham,birmingham,England,,,"87 Caroline Street, Birmingham, B3 1UP",england
68252,Chesterfield,chesterfield,England,,,"9 Royal Court, Basil Close, Chesterfield, S41 7SL",england
68253,Manchester,manchester,England,,+44 (0) 161 503 9080,"31 Booth Street, Manchester, M2 4AF",england
68254,Stoke-On-Trent,stoke-on-trent,England,,+44 (0) 1782 211922,"The Gatehouse, Bessemer Drive, Stoke-on-Trent, ST1 5GR",england
68248,Exeter,exeter,England,,,"Suite 3B, Aston Court, Pynes Hill, Exeter, EX2 5AZ",england
68255,Boca Raton,boca-raton,FL,,561-391-6917,"129 NW 13th Street, Boca Raton, FL 33432",florida
68256,Miami,miami,FL,,786-785-6500,"545 NW 26th Street, Suite 610, Miami, FL 33127",florida
68257,Orlando,orlando,FL,,407-258-3580,"9100 Conroy Windermere Road, Suite 200, Windermere, FL 34786",florida
68258,West Palm Beach,west-palm-beach,FL,,561-320-8040,"560 Village Boulevard, Suite 120, West Palm Beach, FL 33409",florida
68259,Paris,paris,France,,,"124 rue Réaumur, 75002, Paris, France",france
68263,Dusseldorf,dusseldorf,Germany,,+49 (0) 211 992 101,"Königsallee 11, 40212 Düsseldorf, Germany",germany
68260,Munich,munich,Germany,,+49 (0) 211 992 101,"Design Offices München, Schwabinger Tor, Leopoldstraβe 180, 80804 München, Germany",germany
68261,Frankfurt,frankfurt,Germany,,,"Bockenheimer Anlage 46, 60322 Frankfurt am Main, Germany",germany
68262,Berlin,berlin,Germany,,,"Lietzenburger Strasse 75, 10719, Berlin, Germany",germany
68264,Honolulu,honolulu,HI,,808-947-4525,"841 Bishop Street, Suite 725, Honolulu, HI 96813",hawaii
68265,Cork,cork,Ireland,,353 21 202 9255,"74 South Mall, Cork, T12 F3FD, Ireland",ireland
68266,Dublin,dublin,Ireland,,353 1 518 0800,"One West Pier Business Campus, Dun Laoghaire, Co.Dublin, A96 F8C0, Ireland",ireland
68267,Milan,milan,Italy,,,"Via San Prospero, 1, 20121, Milan, Italy",italy
68305,"Washington, D.C.",washington-dc,,,301-968-8880,"4550 Montgomery Avenue, Suite 350N, Bethesda, MD 20814",midatlantic
68268,Chicago,chicago,IL,,708-967-3571,"1 North LaSalle Street, Suite 1910, Chicago, IL 60602",midwest
68306,Santa Rosa,santa-rosa,,,,,norcal
68271,Concord,concord,CA,,925-671-7717,"3230 Monument Way, Concord, CA 94518",norcal
68272,Mountain View,mountain-view,CA,,650-324-5324,"201 Moffett Boulevard, Mountain View, CA 94043",norcal
68273,Oakland,oakland,CA,,510-906-2123,"1111 Broadway, Suite 300, Oakland, CA 94607",norcal
68274,Sacramento,sacramento,CA,,916-660-9030,"3400 Douglas Boulevard, Suite 120, Roseville, CA 95661",norcal
68275,San Francisco,san-francisco,CA,,415-748-3080,"475 Sansome Street, Suite 700, San Francisco, CA 94111",norcal
68276,Silicon Valley,silicon-valley,CA,,408-246-6327,"4020 Moorpark Avenue, Suite 220, San Jose, CA 95117",norcal
,Hilversum,hilversum,Netherlands,,,"Olympia 2D, 1213 NT, Hilversum, Netherlands",netherlands
68278,Vail,vail,CO,,970-977-3010,"0101 Fawcett Road, Unit 260, Avon, CO 81620",northcentral
68277,Denver,denver,CO,,303-771-0396,"88 Inverness Circle East, Building G, Suite 101, Englewood, CO 80112",northcentral
68279,Boston,boston,MA,,857-444-6910,"330 Congress Street, 2nd Floor, Boston, MA 02210",northeast
68280,Cranford,cranford,NJ,,908-516-7010,"200 South Avenue East, Suite 302, Cranford, NJ 07016",northeast
68281,New York,new-york,NY,,212-459-1818,"900 Third Avenue, 6th Floor, New York, NY 10022",northeast
68282,Westport,westport,CT,,203-635-9540,"276 Post Road West, 2nd Floor, Westport, CT 06880",northeast
68283,Toronto,toronto,ON,,,"265 Queen Street West, 2nd Floor, Toronto, Ontario, M5H 2M5, Canada",northeast
68284,Belfast,belfast,Northern Ireland,,+44 (0)28 9002 0507,"605 Antrim Road, Mallusk, Belfast, BT36 4RY",northern-ireland
68285,Oslo,oslo,Norway,,,"St. Olavs Gate 25, 0166 Oslo, Norway",norway
68286,Bend,bend,OR,,458-600-1284,"2838 NW Crossing Drive, Suite 7, Bend, OR 97703",pacific-nw
68287,Portland,portland,OR,,503-241-8099,"6000 Meadows Road, Suite 410, Lake Oswego, OR 97035",pacific-nw
68288,Seattle,seattle,WA,,206-876-8008,"601 Union Street, Suite 1825, Seattle, WA 98101",pacific-nw
68307,Vancouver,vancouver,BC,,,"777 Hornby Street, Suite 600, Vancouver, British Columbia, V6Z 1S4",pacific-nw
68289,Edinburgh,edinburgh,Scotland,,+44 (0) 747 199 7848,"61 Dublin Street, Edinburgh, EH3 6NL",scotland
68290,Aliso Viejo,aliso-viejo,CA,,949-900-0440,"120 Vantis Drive, Suite 510, Aliso Viejo, CA 92656",socal
68291,Los Angeles,los-angeles,CA,,213-408-4518,"350 South Grand Avenue, Suite 1900, Los Angeles, CA 90071",socal
68292,Murrieta,murrieta,CA,,951-252-8555,"25220 Hancock Avenue, Suite 440, Murrieta, CA 92562",socal
68293,San Diego,san-diego,CA,,858-485-6765,"15010 Avenue of Science, Suite 100, San Diego, CA 92128",socal
68294,Fort Worth,fort-worth,TX,,888-422-1882,"4200 South Hulen Street, Suite 410, Fort Worth, TX 76109",southcentral
68295,Houston,houston,TX,,888-422-1882,"15115 Park Row, Suite 340, Houston, TX 77084",southcentral
68296,Richardson,richardson,TX,,888-422-1882,"3501 Token Drive, Suite 100, Richardson, TX 75082",southcentral
68297,Waco,waco,TX,,254-301-7781,"913 Franklin Avenue, Suite 207, Waco, TX 76701",southcentral
68298,Atlanta,atlanta,GA,,470-552-4009,"211 Perimeter Center Parkway NE, Suite 120, Atlanta, GA 30346 ",southeast
68299,Charleston,charleston,SC,,843-203-2900,"4399 Corporate Road, Building 300, North Charleston, SC 29405",southeast
68300,Columbia,columbia,SC,,803-256-1989,"720 Lady Street, Columbia, SC 29201",southeast
68301,Raleigh,raleigh,NC,,919-237-4100,"5540 Centerview Drive, Suite 316, Raleigh, NC 27606",southeast
68302,Nashville,nashville,TN,,615-610-9750,"1 Music Circle South, Suite 430, Nashville, TN 37203",southeast
68308,Scottsdale,scottsdale,AZ,,602-801-1970,"14350 North 87th Street, Suite 275, Scottsdale, AZ 85260",southwest
68269,Reno,reno,NV,,775-737-9383,"200 South Virginia Street, 8th Floor, Reno, NV 89501",southwest
68270,Las Vegas,las-vegas,NV,,702-793-4511,"3753 Howard Hughes Parkway, Suite 200, Las Vegas, Nevada 89169",southwest
68303,Zurich,zurich,Switzerland,,,"Bleicherweg 10, 8002, Zürich, Switzerland",switzerland
68304,Cardiff,cardiff,Wales,,+44 (0)29 2035 2300,"Chandlers House, Terra Nova Way, Penarth Marina, Cardiff, CF64 1SA",wales
