id,date,title,slug,client,facility,location,start_date,end_date,owner,architect,vendors,contractors,case_study_pdf,sector1,sector2,sector3,sector4,service1,service2,service3,service4,office1,office2,office3,migration_status,migration_note
68076,2024-12-19,"Hyperscale Data Center Facilities",hyperscale-data-center-facilities,,,,,,,,,,,data-centers,,,,planning-scheduling,,,,,,,auto-migrated,
68060,2024-12-16,"LAX01-01 Data Center ",lax01-01-data-center,"Prime Data Centers",,,,,,,,,,data-centers,,,,cost-commercial-management,,,,los-angeles,,,auto-migrated,
68033,2024-12-13,"Hyperscale Data Center Portfolio",hyperscale-data-center-portfolio-north-america-europe,,,,,,,,,,,data-centers,,,,planning-scheduling,cost-commercial-management,,,,,,auto-migrated,
67425,2024-11-05,"Bristol Temple Meads Building Fabric Refurbishment",bristol-temple-meads-building-fabric-refurbishment-bristol-uk,,,,,,,,,,,rail-mass-transit,,,,cost-management,,,,,,,auto-migrated,
67429,2024-11-05,"A5 Western Transport Corridor",a5-western-transport-corridor-londonderry-to-aughnacloy-uk,"NI Executive",,,,,,,,,,highways,,,,cost-management,,,,,,,auto-migrated,
67433,2024-11-05,"London Luton Airport Terminal Reconfiguration and Extension",london-luton-airport-terminal-reconfiguration-and-extension-luton-uk,"London Luton Airport",,,,,,,,,,aviation,,,,cost-management,,,,london,,,auto-migrated,
67437,2024-11-05,"Dŵr Cyrmu Welsh Water AMP7",dwr-cyrmu-welsh-water-amp7-wales,"Dŵr Cyrmu Welsh Water",,,,,,,,,,energy-utilities,,,,project-management,,,,cardiff,,,auto-migrated,
67500,2024-11-05,"Dublin Metrolink",dublin-metrolink-dublin-ireland,,,,,,,,,,,rail-mass-transit,,,,cost-management,,,,dublin,,,auto-migrated,
67424,2024-11-05,"Dublin City Bus Connects",dublin-city-bus-connects-dublin-ireland,,,,,,,,,,,rail-mass-transit,,,,cost-management,,,,dublin,,,auto-migrated,
67450,2024-11-05,"New Central Search Security Building",project-pegasus-new-central-search-security-building-belfast-northern-ireland,,,,,,,,,,,aviation,,,,cost-management,project-management,,,belfast,,,auto-migrated,
67454,2024-11-05,"Magnox Trawsfynydd Nuclear Decommissioning",magnox-trawsfynydd-nuclear-decommissioning-gwynedd-wales,,,,,,,,,,,energy-utilities,,,,energy-sustainability-solutions,project-management,,,,,,auto-migrated,
67459,2024-11-05,"Transport for Wales PMO",transport-for-wales-pmo-various-cities-wales,,,,,,,,,,,rail-mass-transit,,,,project-management,project-controls,,,cardiff,,,auto-migrated,
67471,2024-11-05,"A8 Belfast to Larne Dual Carriageway",a8-belfast-to-larne-dual-carriageway-belfast-northern-ireland,,,,,,,,,,,highways,,,,cost-management,dispute-resolution-avoidance,,,belfast,,,auto-migrated,
67505,2024-11-05,"BIA Main Runway Rehabilitation",bia-main-runway-rehabilitation-belfast-ireland,,,,,,,,,,,aviation,,,,cost-management,project-management,,,belfast,,,auto-migrated,
67523,2024-11-05,"Major Project Partnership Framework",major-project-partnership-framework,"NI Water",,,,,,,,,,energy-utilities,,,,,,,,belfast,,,auto-migrated,
67509,2024-11-05,"Operational Delivery Programme",operational-delivery-programme-various-cities-uk,,,,,,,,,,,rail-mass-transit,,,,project-management,,,,,,,auto-migrated,
67513,2024-11-05,"M20 Operation Stack",m20-operation-stack-kent-uk,,,,,,,,,,,highways,,,,,,,,,,,auto-migrated,
67518,2024-11-05,"Isle of Man Airport",isle-of-man-airport-ronaldsway-isle-of-man,,,,,,,,,,,aviation,,,,cost-management,,,,,,,auto-migrated,
67826,2024-11-05,"Western Power Distribution Major Work Programme",western-power-distribution-major-work-programme-uk,,,,,,,,,,,energy-utilities,,,,project-controls,,,,,,,auto-migrated,
67764,2024-10-28,"Lutheran Medical Center",intermountain-health-lutheran-medical-center-wheatridge-co,"Intermountain Health",,,,,,,,,,healthcare,,,,cost-commercial-management,program-project-management,planning-scheduling,,denver,,,auto-migrated,
67624,2024-09-30,"Confidential Hotel, ""LV Tower 52""",confidential-hotel-lv-tower-52-las-vegas-nv,,,,,,,,,,,hospitality-gaming,,,,program-project-management,,,,las-vegas,,,auto-migrated,
67555,2024-08-28,"Treehouse Hotel Silicon Valley",treehouse-hotel-silicon-valley-sunnyvale-ca,"Starwood Capital Group",,,,,,,,,,hospitality-gaming,,,,cost-commercial-management,program-project-management,planning-scheduling,,san-francisco,silicon-valley,,auto-migrated,
67550,2024-08-28,Andaz,andaz-miami-beach-fl,"Sunstone Hotel Investors",,,,,,,,,,hospitality-gaming,,,,program-project-management,,,,miami,,,auto-migrated,
66449,2024-07-30,"Hilton Barcelona",hilton-barcelona-spain,Hilton,,,,,,,,,,hospitality,,,,project-management,cost-management,,,dusseldorf,,,auto-migrated,
66537,2024-07-30,"The Cambrian",the-cambrian-adelboden-zurich,,,,,,,,,,,hospitality,,,,project-management,cost-management,,,zurich,,,auto-migrated,
67121,2024-07-17,"One Wall Street",one-wall-street-new-york-ny,"Macklowe Properties",,,,,,,,,,luxury-residential,,,,cost-commercial-management,program-project-management,planning-scheduling,,new-york,,,auto-migrated,
66633,2024-06-28,"Williamstown Primary School",williamstown-primary-school-penrhiwfer-uk,,,,,,,,,,,public-sector,,,,project-management,,,,cardiff,,,auto-migrated,
66522,2024-06-28,"Radisson Blu Scandinavia Hotel",radisson-blu-scandinavia-hotel-oslo-norway,Radisson,,,,,,,,,,hospitality,,,,project-management,cost-management,,,oslo,,,auto-migrated,
66624,2024-06-28,"William Booth College",william-booth-college-london-uk,"William Booth College",,,,,,,,,,public-sector,,,,cost-management,,,,london,,,auto-migrated,
66578,2024-06-28,"The Caledonian Edinburgh",the-caledonian-edinburgh-curio-collection-by-hilton-edinburgh-uk,"Hilton Hotles & Resorts",,,,,,,,,,hospitality,,,,project-management,cost-management,,,edinburgh,,,auto-migrated,
66572,2024-06-28,"University of East London, Stratford Campus",university-of-east-london-stratford-campus-london-uk,"University of East London",,,,,,,,,,public-sector,,,,cost-management,,,,london,,,auto-migrated,
66565,2024-06-28,"The Lygon Arms Broadway",the-lygon-arms-broadway-london-uk,,,,,,,,,,,hospitality,,,,project-management,cost-management,,,london,,,auto-migrated,
66576,2024-06-28,"Urban Meadow Café and Bar",urban-meadow-cafe-and-bar-london-uk,"Hilton Hotles & Resorts",,,,,,,,,,hospitality,,,,cost-commercial-management,project-management,,,london,,,auto-migrated,
66560,2024-06-28,"The Glasshouse Hotel",the-glasshouse-hotel-edinburgh-uk,,,,,,,,,,,hospitality,,,,project-management,,,,edinburgh,,,auto-migrated,
66535,2024-06-28,"Computational Foundry",swansea-university-computational-foundry-cardiff-uk,"Swansea University",,,,,,,,,,public-sector,,,,project-management,,,,cardiff,,,auto-migrated,
66533,2024-06-27,"Steigenberger Frankfurter",steigenberger-frankfurter-hof-dusseldorf,,,,,,,,,,,hospitality,,,,cost-management,project-management,,,munich,,,auto-migrated,
66529,2024-06-26,"Sky Munich Headquarters",sky-munich-headquarters-munich-germany,,,,,,,,,,,workplace,,,,,,,,munich,,,auto-migrated,
66531,2024-06-26,"SI Centrum Stuttgart",si-centrum-stuttgart-germany,,,,,,,,,,,hospitality,,,,,,,,dusseldorf,,,auto-migrated,
66525,2024-06-26,"Radisson Collection Royal Hotel",radisson-collection-royal-hotel-copenhagen-denmark,"Radisson Hotels",,,,,,,,,,hospitality,,,,cost-management,project-management,,,oslo,,,auto-migrated,
66520,2024-06-26,"Radisson Blu Royal Viking",radisson-blu-royal-viking-stockholm-sweden,"Radisson Hotels",,,,,,,,,,hospitality,,,,cost-management,project-management,,,oslo,,,auto-migrated,
66508,2024-06-26,"Radisson Blu",radisson-blu-basel-switzerland,"Radisson Hotels",,,,,,,,,,hospitality,,,,cost-management,project-management,,,zurich,,,auto-migrated,
66499,2024-06-26,"Radisson Blu Airport Hotel",radisson-blu-airport-hotel-oslo-norway,"Radisson Hotels",,,,,,,,,,hospitality,,,,cost-management,project-management,,,oslo,,,auto-migrated,
66481,2024-06-26,"Penarth Pier Pavilion Restoration",penarth-pier-pavilion-restoration-penarth-uk,,,,,,,,,,,public-sector,,,,cost-management,project-management,,,cardiff,,,auto-migrated,
66476,2024-06-26,"Parkgate Hotel",parkgate-hotel-cardiff-uk,,,,,,,,,,,hospitality,,,,project-management,,,,cardiff,,,auto-migrated,
66470,2024-06-26,"Mövenpick Lausanne Hotel",movenpick-lausanne-hotel-switzerland,"Sonotel Ouchy and Mövenpick Hotels and Resorts",,,,,,,,,,hospitality,,,,cost-management,project-management,,,zurich,,,auto-migrated,
66465,2024-06-26,"Parc Hotel Paris",parc-hotel-paris-france,"Sofitel Demeure",,,,,,,,,,hospitality,,,,,,,,paris,,,auto-migrated,
66455,2024-06-26,"Hyatt Regency London - The Churchill",hyatt-regency-london-the-churchill-london-uk,Hyatt,,,,,,,,,,hospitality,,,,cost-management,project-management,,,london,,,auto-migrated,
66349,2024-06-25,"Hampton Hilton",hampton-by-hilton-edinburgh-west-end,"Hilton Hotles & Resorts",,,,,,,,,,hospitality,,,,project-management,,,,edinburgh,,,auto-migrated,
66326,2024-06-25,"Coca Cola Headquarters",coca-cola-headquarters-berlin-germany,"Coca Cola",,,,,,,,,,workplace,,,,,,,,cardiff,,,auto-migrated,
66268,2024-06-24,"education campus",cardiff-and-vale-college-cardiff-uk,"Cardiff and Vale College",,,,,,,,,,public-sector,,,,cost-management,project-management,,,cardiff,,,auto-migrated,
66261,2024-06-24,"Büro Campus Wangen",buro-campus-wangen-stuttgart-germany,Investcorp,,,,,,,,,,workplace,,,,,,,,dusseldorf,,,auto-migrated,
66252,2024-06-24,"Fifty Avon",fifty-avon-frankfurt-germany,,,,,,,,,,,workplace,,,,,,,,dusseldorf,,,auto-migrated,
65662,2024-06-04,"USGA Administrative Headquarters",usga-administrative-headquarters-bernards-nj,"United States Golf Association (USGA)",,,,,,,,,,workplace,,,,program-project-management,,,,cranford,,,auto-migrated,
65824,2024-05-09,"Tate Library",ethical-culture-fieldston-school-tate-library-bronx-ny,"Ethical Culture Fieldston School (ECFS)",,,,,,,,,,k-12-education,,,,program-project-management,,,,new-york,,,auto-migrated,
65804,2024-05-07,"Joan Perry Brock Center",longwood-university-joan-perry-brock-center-farmville-va,"Longwood University",,,,,,,,,,higher-education,,,,project-monitoring,,,,washington-dc,,,auto-migrated,
65795,2024-05-06,"Waco Family Medicine Central Clinic",waco-family-medicine-waco-tx,"Waco Family Medicine",,,,,,,,,,healthcare,,,,program-project-management,,,,waco,,,auto-migrated,
65790,2024-05-06,"McLane Classic Foods Manufacturing Facility",mclane-classic-foods-burleson-tx,"McLane Classic Foods",,,,,,,,,,workplace,,,,program-project-management,,,,waco,,,auto-migrated,
65785,2024-05-06,"McLane Stadium",mclane-stadium-waco-tx,"Baylor University",,,,,,,,,,sports-recreation,,,,program-project-management,,,,waco,,,auto-migrated,
65781,2024-05-06,"Paul L. Foster Campus for Business and Innovation",paul-l-foster-campus-for-business-and-innovation-waco-tx,"Baylor University",,,,,,,,,,higher-education,,,,program-project-management,,,,waco,,,auto-migrated,
65776,2024-05-06,"Horner Family Center",first-baptist-dallas-horner-family-building-expansion-dallas-tx,"First Baptist Dallas",,,,,,,,,,culture-non-profit,,,,program-project-management,,,,fort-worth,,,auto-migrated,
65772,2024-05-06,"East Village Residential Community and Dining Commons",east-village-residential-community-and-dining-commons-baylor-university-waco-tx,"Baylor University",,,,,,,,,,higher-education,,,,program-project-management,,,,waco,,,auto-migrated,
65763,2024-05-02,"Terminal One at JFK",terminal-one-at-jfk-queens-ny,"John F. Kennedy International Airport.",,,,,,,,,,transportation,,,,program-project-management,,,,new-york,,,auto-migrated,
65665,2024-05-01,"USGA Pinehurst",usga-pinehurst-pinehurst-nc,"United States Golf Association (USGA)",,,,,,,,,,culture-non-profit,sports-recreation,,,program-project-management,,,,new-york,,,auto-migrated,
65660,2024-05-01,"The Greenwich Lane",the-greenwich-lane-new-york-ny,"Global Holdings & The Rudin Family",,,,,,,,,,luxury-residential,,,,program-project-management,,,,new-york,,,auto-migrated,
65726,2024-05-01,"Port of Los Angeles, Environmental Management System (EMS) (ISO 14001) Services",port-of-los-angeles-ems-iso-14001-services,"Port of Los Angeles",,,,,,,,,,industrial-logistics,,,,energy-sustainability-solutions,,,,los-angeles,,,auto-migrated,
65723,2024-05-01,"San Francisco Airport, Sustainability and ESG Services",san-francisco-airport-sustainability-and-esg-services,"San Francisco Airport",,,,,,,,,,transportation,,,,energy-sustainability-solutions,,,,los-angeles,,,auto-migrated,
65720,2024-05-01,"Long Beach Unified School District, Sustainability Plan",long-beach-unified-school-district-sustainability-plan,"Long Beach Unified School District",,,,,,,,,,k-12-education,,,,energy-sustainability-solutions,,,,los-angeles,,,auto-migrated,
65718,2024-05-01,"North American Energy and Sustainability Management",unibail-rodamco-westfield-north-american-energy-and-sustainability-management,Unibail-Rodamco-Westfield,,,,,,,,,,retail,,,,energy-sustainability-solutions,,,,los-angeles,,,auto-migrated,
65708,2024-05-01,"Sustainability and Energy Plan",city-of-ellensburg-washington-sustainability-and-energy-plan,"City of Ellensburg",,,,,,,,,,civic,,,,energy-sustainability-solutions,,,,los-angeles,,,auto-migrated,
65657,2024-05-01,"St. Patrick’s Cathedral",st-patricks-cathedral-new-york-ny,"Trustees of St. Patrick’s Cathedral",,,,,,,,,,culture-non-profit,,,,program-project-management,,,,new-york,,,auto-migrated,
65655,2024-05-01,"Spence 412 Athletic & Ecology Center",spence-412-athletic-ecology-center-new-york-ny,"Spence School",,,,,,,,,,k-12-education,,,,program-project-management,,,,new-york,,,auto-migrated,
65653,2024-05-01,"Planet Word",planet-word-washington-d-c,"Planet Word",,,,,,,,,,culture-non-profit,,,,program-project-management,,,,washington-dc,,,auto-migrated,
65651,2024-05-01,"The New Victory Children’s Theater",the-new-victory-childrens-theater-new-york-ny,"The New 42nd Street",,,,,,,,,,culture-non-profit,,,,program-project-management,,,,new-york,,,auto-migrated,
65649,2024-05-01,"The Lyric Theatre Restoration",the-lyric-theatre-restoration-new-york-ny,"global theatre giant Ambassador Theatre Group (ATG)",,,,,,,,,,culture-non-profit,,,,program-project-management,,,,new-york,,,auto-migrated,
65647,2024-05-01,"Clark Art Institute",clark-art-institute-williamstown-ma,,,,,,,,,,,culture-non-profit,,,,program-project-management,,,,boston,,,auto-migrated,
65645,2024-05-01,"Archdiocese of New York",archdiocese-of-new-york-multiple-locations-ny,"Archdiocese of New York (ADNY)",,,,,,,,,,culture-non-profit,,,,program-project-management,,,,new-york,,,auto-migrated,
65643,2024-05-01,"9/11 Memorial & Museum",9-11-memorial-museum-new-york-ny,"9/11 Memorial & Museum",,,,,,,,,,culture-non-profit,,,,program-project-management,,,,new-york,,,auto-migrated,
65616,2024-04-25,"NASA Jet Propulsion Laboratory FEIF Building",nasa-jet-propulsion-laboratory-feif-building-pasadena-ca,"NASA Jet Propulsion Laboratory (JPL)",,,,,,,,,,industrial-logistics,,,,cost-commercial-management,program-project-management,planning-scheduling,,los-angeles,,,auto-migrated,
65610,2024-04-23,"New York Public Library",new-york-public-library-new-york-ny,"New York Public Library",,,,,,,,,,culture-non-profit,,,,cost-commercial-management,program-project-management,,,new-york,,,auto-migrated,
65582,2024-04-19,"Hilton New York Times Square Renovation",hilton-new-york-times-square-renovation-ny,"Hilton Hotels",,,,,,,,,,hospitality-gaming,,,,program-project-management,,,,new-york,,,auto-migrated,
65487,2024-04-10,"Caesars Casino",caesars-casino-danville-va,"Caesars Entertainment",,,,,,,,,,hospitality-gaming,,,,cost-commercial-management,program-project-management,,,raleigh,,,auto-migrated,
65483,2024-04-10,"Confidential Tech Client",confidential-tech-client-charlotte-nc,,,,,,,,,,,data-centers,,,,cost-commercial-management,planning-scheduling,,,raleigh,,,auto-migrated,
65444,2024-04-05,"Catalyst BioCampus Raleigh",catalyst-biocampus-raleigh-durham-nc,"Apollo Construction",,,,,,,,,,infrastructure,,,,project-monitoring,,,,raleigh,,,auto-migrated,
65425,2024-04-03,"Sarah Lawrence College",sarah-lawrence-college-bronxville-ny,"Sarah Lawrence College",,,,,,,,,,higher-education,,,,program-project-management,,,,new-york,,,auto-migrated,
65413,2024-04-02,"21st Century Campus",jewish-theological-seminary-21st-century-campus-new-york-ny,"Jewish Theological Seminary",,,,,,,,,,higher-education,,,,program-project-management,,,,new-york,,,auto-migrated,
65393,2024-03-29,"15 Laight Street",15-laight-street-new-york-ny,"Vanbarton Group",,,,,,,,,,workplace,,,,program-project-management,,,,new-york,,,auto-migrated,
65390,2024-03-29,"One Westside",one-westside-los-angeles-ca,"Hudson Pacific Properties and Macerich",,,,,,,,,,workplace,,,,cost-commercial-management,,,,los-angeles,,,auto-migrated,
65386,2024-03-29,"Sunset Glenoaks Studios",sunset-glenoaks-studios-sun-valley-ca,"Hudson Pacific Properties and Blackstone Group",,,,,,,,,,culture-non-profit,,,,cost-commercial-management,,,,los-angeles,,,auto-migrated,
65284,2024-03-22,"Palisades Medical Center Emergency Department",hackensack-meridian-health-palisades-medical-center-ed-expansion-north-bergen-nj,"Hackensack Meridian Health",,,,,,,,,,healthcare,,,,program-project-management,,,,cranford,,,auto-migrated,
65252,2024-03-21,"Northglenn Recreation Center",northglenn-recreation-center-co,"City of Northglenn",,,,,,,,,,civic,,,,program-project-management,,,,denver,,,auto-migrated,
65264,2024-03-21,"Stevens Institute of Technology",stevens-institute-of-technology-hoboken-nj,,,,,,,,,,,higher-education,,,,program-project-management,,,,cranford,,,auto-migrated,
64955,2024-03-14,"Cambridge Associates Office",cambridge-associates-boston-ma,,,,,,,,,,,workplace,,,,program-project-management,,,,boston,,,auto-migrated,
64211,2024-02-27,"Sips (with a Z) at Meow Wolf",sips-with-a-z-at-meow-wolf-denver-co,"Meow Wolf",,,,,,,,,,retail,themed-entertainment,,,program-project-management,,,,denver,,,auto-migrated,
63917,2024-02-02,"Normangee ISD Additions and Renovations",normangee-isd-additions-and-renovations-normangee-tx,"Sabine ISD",,,,,,,,,,k-12-education,,,,cost-commercial-management,,,,houston,,,auto-migrated,
63912,2024-02-02,"Sabine Pass ISD Transportation Facility",sabine-pass-isd-transportation-facility-port-arthur-tx,"Sabine ISD",,,,,,,,,,k-12-education,,,,program-project-management,,,,houston,,,auto-migrated,
63900,2024-02-02,"La Porte Independent School District",la-porte-independent-school-district-la-porte-tx,"La Porte ISD",,,,,,,,,,k-12-education,,,,,,,,houston,,,auto-migrated,
63893,2024-02-02,"Ozona High School",crockett-county-consolidated-common-school-district-ozona-high-school-ozona-tx,"Crockett County Consolidated Common School District",,,,,,,,,,k-12-education,,,,cost-commercial-management,,,,houston,,,auto-migrated,
63865,2024-01-31,"Los Gatos Saratoga High School District",los-gatos-saratoga-high-school-district-los-gatos-ca,"Los Gatos Saratoga High School District",,,,,,,,,,k-12-education,,,,program-project-management,,,,silicon-valley,,,auto-migrated,
63860,2024-01-31,"Cambrian School District",cambrian-school-district-san-jose-ca,,,,,,,,,,,k-12-education,,,,program-project-management,,,,concord,,,auto-migrated,
63853,2024-01-31,"Menlo Park City School District",menlo-park-city-school-district-atherton-ca,,,,,,,,,,,k-12-education,,,,,,,,concord,,,auto-migrated,
63849,2024-01-31,"Martinez Unified School District",martinez-unified-school-district-martinez-ca,,,,,,,,,,,k-12-education,,,,program-project-management,project-controls,,,concord,,,auto-migrated,
63842,2024-01-31,"Mountain View Los Altos High School District",mountain-view-los-altos-high-school-district-mountain-view-ca,"Mountain View Los Altos High School District",,,,,,,,,,k-12-education,,,,project-controls,,,,mountain-view,,,auto-migrated,
63718,2024-01-29,"Hotel 1928",hotel-1928-waco-tx,"AJ Capital Partners",,,,,,,,,,hospitality-gaming,,,,program-project-management,,,,waco,,,auto-migrated,
63603,2024-01-19,"Bunker Hill Tenant Improvement",shockwave-bunker-hill-tenant-improvement-santa-clara-ca,"Shockwave Medical",,,,,,,,,,research-manufacturing,,,,program-project-management,,,,mountain-view,,,auto-migrated,
63600,2024-01-19,"Confidential Pharmaceutical Company",confidential-pharmaceutical-company-south-san-francisco-ca,,,,,,,,,,,research-manufacturing,,,,program-project-management,,,,san-francisco,,,auto-migrated,
63561,2024-01-05,"10x Genomics",10x-genomics-pleasanton-ca,"10x Genomics",,,,,,,,,,research-manufacturing,,,,program-project-management,,,,mountain-view,,,auto-migrated,
55830,2023-12-11,"Topshop, Topman & Miss Selfridge at the Trafford Centre",arcadia-group-topshop-topman-miss-selfridge-at-the-trafford-centre-manchester,"Arcadia Group",,,,,,,,,,retail,,,,cost-management,,,,london,,,auto-migrated,
55822,2023-12-11,"Schroders GRIF RCA Portfolio",schroders-grif-rca-portfolio-various-locations-uk,,,,,,,,,,,residential,,,,building-consultancy,,,,london,,,auto-migrated,
55813,2023-12-11,"York Place",york-place-london-uk,,,,,,,,,,,residential,,,,cost-management,,,,london,,,auto-migrated,
55733,2023-12-11,"Arndale Centre, Headingley",arndale-centre-headingley-leeds-uk,,,,,,,,,,,industrial-logistics,,,,project-management,,,,london,,,auto-migrated,
55725,2023-12-11,"Henley Business Park",henley-business-park-guildford-surrey,,,,,,,,,,,industrial-logistics,,,,project-management,,,,stoke-on-trent,,,auto-migrated,
55835,2023-12-11,"The Meadows Retail Park",the-meadows-retail-park-chelmsford-essex-uk,,,,,,,,,,,retail,,,,project-management,cost-management,energy-sustainability-solutions,,london,,,auto-migrated,
55722,2023-12-11,"Rail Manufacturing Facility",rail-manufacturing-facility-newport-south-wales,,,,,,,,,,,industrial-logistics,,,,project-management,cost-management,,,stoke-on-trent,,,auto-migrated,
55719,2023-12-11,"St. Modwen Park Burton",st-modwen-park-burton-derbyshire-uk,,,,,,,,,,,industrial-logistics,,,,project-management,cost-management,,,stoke-on-trent,,,auto-migrated,
55714,2023-12-11,"St. Modwen Park Gatwick",st-modwen-park-gatwick-copthorne-uk,,,,,,,,,,,industrial-logistics,,,,project-management,cost-management,,,stoke-on-trent,,,auto-migrated,
55709,2023-12-11,"Earl Grey House",earl-grey-house-newcastle-uk,,,,,,,,,,,hospitality,retail,,,project-management,,,,london,,,auto-migrated,
55804,2023-12-11,"Kendal Development, Deansgate",kendal-development-deansgate-manchester-uk,,,,,,,,,,,workplace,retail,,,project-management,cost-management,,,london,,,auto-migrated,
55704,2023-12-11,"Langham London",langham-london-london-uk-2,,,,,,,,,,,hospitality,,,,project-management,cost-management,,,london,,,auto-migrated,
55844,2023-12-11,"Trentham Shopping Village",trentham-shopping-village-staffordshire-uk,,,,,,,,,,,hospitality,retail,,,project-management,,,,stoke-on-trent,,,auto-migrated,
55700,2023-12-11,"The PUBLIC Hotel and Residences",the-public-hotel-and-residences-215-chrystie-street-new-york-ny,"Witkoff Group",,,,,,,,,,hospitality-gaming,,,,program-project-management,,,,new-york,,,auto-migrated,
55695,2023-12-11,"Kingsland Locke",kingsland-locke-london-uk,,,,,,,,,,,hospitality,residential,,,project-management,cost-management,,,london,,,auto-migrated,
55688,2023-12-11,"Nobu Portman Square",nobu-portman-square-london-uk,,,,,,,,,,,hospitality,,,,cost-management,,,,london,,,auto-migrated,
55683,2023-12-11,"Mama Shelter",mama-shelter-london-uk,,,,,,,,,,,hospitality,,,,project-management,,,,london,,,auto-migrated,
55668,2023-12-11,"St. Vincent’s",st-vincents-sheffield-uk,,,,,,,,,,,public-sector,,,,project-management,cost-management,,,london,,,auto-migrated,
55839,2023-12-11,"Lidl, Rope Walk",lidl-rope-walk-bedford-uk,,,,,,,,,,,retail,,,,project-management,building-consultancy,,,,,,auto-migrated,
55656,2023-12-11,"The Mease Spencer Academy",the-mease-spencer-academy-hilton-derbyshire,,,,,,,,,,,public-sector,,,,project-management,cost-management,,,stoke-on-trent,,,auto-migrated,
55882,2023-12-11,"Heathy Wood",heathy-wood-copthorne-uk,"St. Modwen Developments.",,,,,,,,,,residential,public-sector,,,project-management,cost-management,,,stoke-on-trent,,,auto-migrated,
55899,2023-12-11,"ARM, Peterhouse Technology Park",arm-peterhouse-technology-park-cambridge-uk,,,,,,,,,,,life-sciences,,,,project-management,,,,london,,,auto-migrated,
55885,2023-12-11,"Unit D, Woodside",unit-d-woodside-bishops-stortford-uk,,,,,,,,,,,life-sciences,,,,project-management,cost-management,,,london,,,FALSE,
55879,2023-12-11,"A50 Grade Separated Junction",a50-grade-separated-junction-stoke-on-trent,"Secretary of State for Transport",,,,,,,,,,highways,,,,,,,,stoke-on-trent,,,auto-migrated,
55728,2023-12-11,"St. Modwen Park Chippenham",st-modwen-park-chippenham-wiltshire-uk,,,,,,,,,,,industrial-logistics,,,,project-management,,,,stoke-on-trent,,,auto-migrated,
55870,2023-12-11,"Clay Cross",clay-cross-derbyshire,,,,,,,,,,,industrial-logistics,residential,,,project-management,cost-management,,,stoke-on-trent,,,auto-migrated,
55862,2023-12-11,"Coed Darcy Urban Village",coed-darcy-urban-village-neath-port-talbot-south-wales,,,,,,,,,,,industrial-logistics,residential,,,project-management,cost-management,,,stoke-on-trent,,,auto-migrated,
55859,2023-12-11,"Ironbridge, Telford",ironbridge-telford-shropshire-uk,,,,,,,,,,,industrial-logistics,residential,public-sector,,project-management,cost-management,,,stoke-on-trent,,,auto-migrated,
55825,2023-12-11,"Triangle Residential Development",triangle-residential-development-uxbridge-uk,,,,,,,,,,,residential,,,,cost-management,,,,stoke-on-trent,,,auto-migrated,
55636,2023-12-11,"Swansea University Bay Campus",swansea-university-bay-campus-neath-port-talbot-south-wales,"Swansea University",,,,,,,,,,public-sector,,,,cost-management,project-management,,,stoke-on-trent,,,auto-migrated,
55817,2023-12-11,"Barton Quarter",barton-quarter-nottinghamshire,,,,,,,,,,,residential,,,,cost-management,,,,stoke-on-trent,,,auto-migrated,
55620,2023-12-11,"St Paul’s Girls’ School",st-pauls-girls-school-london-uk,"St Paul’s Girls’ School",,,,,,,,,,public-sector,,,,project-management,cost-management,,,london,,,auto-migrated,
55799,2023-12-11,"Platform 21, Stephenson Street",platform-21-stephenson-street-birmingham-uk,"Government Property Agency",,,,,,,,,,public-sector,workplace,,,cost-management,,,,london,,,auto-migrated,
55795,2023-12-10,"40 Chancery Lane",40-chancery-lane-london-uk,,,,,,,,,,,workplace,,,,project-management,cost-management,,,london,,,auto-migrated,
55790,2023-12-10,"Exchequer Court, St Mary Axe",exchequer-court-st-mary-axe-london-uk,"Clerical Medical Investment Group",,,,,,,,,,workplace,,,,project-management,,,,london,,,auto-migrated,
55780,2023-12-10,"One Lyric Square",one-lyric-square-london-uk,"Schroders UK Real Estate Fund",,,,,,,,,,workplace,,,,project-management,,,,london,,,auto-migrated,
55774,2023-12-10,"Chineham Gate",chineham-gate-basingstoke-uk,"Aviemore Chineham Park Unit Trust",,,,,,,,,,workplace,,,,project-management,,,,,,,auto-migrated,
55763,2023-12-10,"1 East Parade",1-east-parade-leeds-uk,,,,,,,,,,,workplace,,,,project-management,,,,london,,,auto-migrated,
55752,2023-12-10,"Bracknell Town Centre",bracknell-town-centre-bracknell-berkshire-uk,"Schroder Real Estate",,,,,,,,,,workplace,residential,hospitality,,cost-management,project-management,,,london,,,auto-migrated,
55748,2023-12-10,"One Cambridge Square",one-cambridge-square-cambridge-uk,"Schroder Real Estate",,,,,,,,,,life-sciences,,,,building-consultancy,project-monitoring,,,london,,,auto-migrated,
55743,2023-12-10,"Locking Parklands",locking-parklands-weston-super-mare,"St. Modwen Developments.",,,,,,,,,,energy-utilities,residential,,,cost-management,project-management,,,stoke-on-trent,,,auto-migrated,
55739,2023-12-10,"Schroders Commercial RCA Portfolio",schroders-commercial-rca-portfolio-various-locations-uk,,,,,,,,,,,industrial-logistics,,,,building-consultancy,,,,london,,,auto-migrated,
55736,2023-12-10,"Trentham Lakes",trentham-lakes-staffordshire-uk,,,,,,,,,,,industrial-logistics,,,,cost-management,project-management,,,stoke-on-trent,,,auto-migrated,
55867,2023-12-10,"Meaford Infrastructure Works",meaford-infrastructure-works-staffordshire-uk,"St. Modwen Developments.",,,,,,,,,,industrial-logistics,,,,project-management,,,,stoke-on-trent,,,auto-migrated,
55854,2023-12-10,Milburngate,milburngate-durham-uk,,,,,,,,,,,industrial-logistics,,,,project-management,,,,london,,,auto-migrated,
55849,2023-12-08,"Llanwern Urban Village",llanwern-urban-village-south-wales-uk,,,,,,,,,,,residential,industrial-logistics,,,cost-management,project-management,,,stoke-on-trent,,,auto-migrated,
55651,2023-12-08,"Llanwern Primary School",llanwern-primary-school-south-wales-uk,,,,,,,,,,,public-sector,,,,project-management,cost-management,,,stoke-on-trent,,,auto-migrated,
55786,2023-12-08,"Two Friargate",two-friargate-coventry-uk,,,,,,,,,,,workplace,,,,project-management,cost-management,,,stoke-on-trent,,,auto-migrated,
55809,2023-12-08,"One Friargate",one-friargate-coventry-uk,,,,,,,,,,,workplace,,,,project-management,cost-management,,,stoke-on-trent,,,auto-migrated,
55762,2023-12-08,"New Covent Garden Market, Nine Elms",new-covent-garden-market-nine-elms-london-uk,,,,,,,,,,,retail,,,,cost-management,,,,london,,,auto-migrated,
55644,2023-12-08,"The Helix/Victoria Halls, Wembley",the-helix-victoria-halls-wembley-london-uk,"LaSalle Asset Management",,,,,,,,,,public-sector,residential,,,project-management,cost-management,,,london,,,auto-migrated,
55874,2023-12-08,"Steps at Wembley",steps-at-wembley-wembley-uk,,,,,,,,,,,industrial-logistics,,,,cost-management,,,,london,,,auto-migrated,
55674,2023-12-08,"The Standard",the-standard-crosstree-london-uk,,,,,,,,,,,hospitality,,,,project-management,,,,london,,,auto-migrated,
55757,2023-12-08,"Stephenson House",stephenson-house-75-hampstead-road-london-uk,"Lazari Group",,,,,,,,,,workplace,residential,retail,,cost-management,,,,london,,,auto-migrated,
57396,2023-10-13,"Durham County Library",durham-county-library-nc,"Durham County Library",,,,,,,,,,civic,,,,cost-commercial-management,,,,raleigh,,,auto-migrated,
57370,2023-10-12,"Tommie Hollywood",tommie-hollywood-los-angeles-ca,"Relevant Group",,,,,,,,,,hospitality-gaming,,,,cost-commercial-management,program-project-management,planning-scheduling,,los-angeles,,,auto-migrated,
57162,2023-09-26,"Redmond Public Safety Facility",redmond-public-safety-facility-redmond-or,"City of Redmond",,,,,,,,,,civic,,,,cost-commercial-management,program-project-management,,,bend,,,auto-migrated,
56895,2023-09-12,"Caesars Entertainment",caesars-entertainment-various-locations,"Caesars Entertainment Group",,,,,,,,,,hospitality-gaming,,,,cost-commercial-management,planning-scheduling,program-project-management,,las-vegas,,,auto-migrated,
56850,2023-09-08,"Chief's on Broadway",chiefs-on-broadway,"AJ Capital Partners",,,,,,,,,,retail,,,,planning-scheduling,program-project-management,,,nashville,,,auto-migrated,
56840,2023-09-08,"Grand Hyatt at Nashville Yards",grand-hyatt-at-nashville-yards-nashville-tn,"Grand Hyatt",,,,,,,,,,hospitality-gaming,,,,program-project-management,,,,nashville,,,auto-migrated,
56655,2023-09-02,"Nelson's Green Brier Distillery",nelsons-green-brier-distillery-nashville-tn,"Nelson's Green Brier Distillery",,,,,,,,,,retail,,,,program-project-management,,,,nashville,,,auto-migrated,
56578,2023-08-28,"Hutong Miami",hutong-miami-miami-fl,"Aqua Restaurant Group",,,,,,,,,,hospitality-gaming,retail,,,project-controls,,,,miami,,,auto-migrated,
55446,2023-08-18,"Hilton Santa Barbara Beach Resort",hilton-santa-barbara-beach-resort-santa-barbara-ca,"Park Hotels",,,,,,,,,,hospitality-gaming,,,,cost-commercial-management,planning-scheduling,program-project-management,,los-angeles,,,auto-migrated,
56377,2023-08-18,"JMB Century City Tower",jmb-century-city-tower-century-city-ca,"JMB Realty",,,,,,,,,,workplace,retail,,,cost-commercial-management,planning-scheduling,program-project-management,,los-angeles,,,auto-migrated,
56313,2023-08-17,"Portland International Airport",portland-international-airport,"Portland International Airport PDX",,,,,,,,,,transportation,,,,program-project-management,,,,portland,,,auto-migrated,
56223,2023-08-15,"Thompson Hotel",thompson-hotel-hollywood-ca,"Relevant Group",,,,,,,,,,hospitality-gaming,,,,planning-scheduling,program-project-management,,,los-angeles,,,auto-migrated,
56212,2023-08-11,"St. Charles Health System",st-charles-health-system-bend-or,,,,,,,,,,,healthcare,,,,program-project-management,,,,bend,,,auto-migrated,
56184,2023-08-10,"Sphere at The Venetian Resort",sphere-at-the-venetian-resort-las-vegas-nv,"MSG Las Vegas, LLC",,,,,,,,,,culture-non-profit,,,,cost-commercial-management,,,,las-vegas,,,auto-migrated,
56148,2023-08-08,"La Pine Community Health Center",la-pine-community-health-center-la-pine-or,"La Pine Community Health ",,,,,,,,,,healthcare,,,,program-project-management,,,,bend,,,auto-migrated,
56054,2023-08-02,"Smithsonian American Art Museum",smithsonian-american-art-museum-washington-d-c,"Smithsonian American Art Museum",,,,,,,,,,culture-non-profit,,,,cost-commercial-management,,,,washington-dc,,,auto-migrated,
55937,2023-08-02,"Deschutes County Courthouse",deschutes-county-courthouse-expansion,"Oregon Department of Justice",,,,,,,,,,civic,,,,program-project-management,,,,bend,,,auto-migrated,
55948,2023-07-31,"Evermont Mixed-Use Development",evermont-mixed-use-development-south-los-angeles-ca,"BRIDGE Housing, the Coalition for Responsible Community Development (CRCD), and Primestor Development",,,,,,,,,,retail,,,,program-project-management,,,,los-angeles,,,auto-migrated,
55500,2023-07-21,"Crandall Middle School",crandall-isd-middle-school-crandall-texas,"Crandall Independent School District",,,,,,,,,,k-12-education,,,,,,,,fort-worth,,,auto-migrated,
55502,2023-07-21,"Rhodes Intermediate and Jackson Middle School",rhodes-intermediate-and-jackson-middle-school-forney-texas,"Forney Independent School District",,,,,,,,,,k-12-education,,,,,,,,fort-worth,,,auto-migrated,
55504,2023-07-21,"Sunnyvale Intermediate School",sunnyvale-isd-sunnyvale-texas,"Sunnyvale Independent School District",,,,,,,,,,k-12-education,,,,,,,,fort-worth,,,auto-migrated,
55506,2023-07-21,"Keith Bell Opportunity Central",forney-isd-keith-bell-opportunity-central-forney-texas,"Forney Independent School District",,,,,,,,,,k-12-education,,,,,,,,fort-worth,,,auto-migrated,
55508,2023-07-21,"Waxahachie High School",waxahachie-isd-high-school-waxahachie-texas,"Waxahachie Independent School District",,,,,,,,,,k-12-education,,,,,,,,fort-worth,,,auto-migrated,
55458,2023-07-19,"The Ritz-Carlton, South Beach",the-ritz-carlton-south-beach-miami-beach-fl,"Flag Luxury Group",,,"November 2017","March 2020",,,,,68055,hospitality-gaming,,,,cost-commercial-management,program-project-management,,,miami,,,auto-migrated,
55485,2023-07-18,"Snoqualmie Casino Expansion",snoqualmie-casino-expansionsnoqualmie-wa,"Snoqualmie Entertainment Authority (SEA), Snoqualmie Tribe",,,"January 2021",,,"Bergman Walls & Associates",,"Skanska USA",66918,hospitality-gaming,,,,cost-commercial-management,planning-scheduling,program-project-management,,seattle,,,auto-migrated,
55264,2023-07-13,"Finker-Frenkel Wish House",make-a-wish-foundation-southern-florida-miami-fl,"Make-A-Wish Foundation Southern Florida",,,,,,,,,,culture-non-profit,,,,program-project-management,,,,miami,,,auto-migrated,
55254,2023-07-13,"CHICA Miami",chica-miami-miami-florida,"Chef Lorena Garcia and John Kunkel’s 50 Eggs, Inc",,,,,,,,,,hospitality-gaming,,,,program-project-management,,,,miami,,,auto-migrated,
55250,2023-07-13,"BLVD at Lenox",blvd-at-lenox-miami-beach-florida,"Comras Company",,,,,,,,,,retail,,,,program-project-management,,,,miami,,,auto-migrated,
55237,2023-07-13,"Gulliver Preparatory School | Center for Student Life",gulliver-preparatory-school-center-for-student-life-coral-gables-florida,"Gulliver Preparatory School",,,,,,,,,,k-12-education,,,,program-project-management,,,,miami,,,auto-migrated,
55289,2023-07-13,"Gulliver Preparatory School | Upper School",gulliver-prep-upper-school-village-of-pinecrest-florida,"Gulliver Preparatory School",,,,,,,,,,k-12-education,,,,program-project-management,,,,miami,,,auto-migrated,
55262,2023-07-13,"AKA Hotel",aka-hotel-miami-fl,AKA,,,,,,,,,,hospitality-gaming,,,,program-project-management,,,,miami,,,auto-migrated,
55256,2023-07-13,Uchi,uchi-wynwood-florida,"Hai Hospitality",,,,,,,,,,hospitality-gaming,retail,,,program-project-management,,,,miami,,,auto-migrated,
55260,2023-07-13,"North Bay Road Residence",north-bay-road-residence-miami-beach-fl,,,,,,,,,,,luxury-residential,,,,program-project-management,,,,miami,,,auto-migrated,
55291,2023-07-13,"Oolite Arts",oolite-arts-miami-florida,"Oolite Arts",,,,,,,,,,culture-non-profit,,,,program-project-management,,,,miami,,,auto-migrated,
55246,2023-07-13,"Campus Master Plan",temple-beth-am-campus-master-plan-village-of-pinecrest-florida,"Temple Beth Am",,,,,,,,,,k-12-education,,,,program-project-management,,,,miami,,,auto-migrated,
55258,2023-07-13,"The River Oyster Bar",the-river-oyster-bar-miami-fl,Amicon,,,,,,,,,,hospitality-gaming,retail,,,program-project-management,,,,miami,,,auto-migrated,
55078,2023-06-27,"Horry County Emergency Operations Center",horry-county-emergency-operations-center,"Horry County Government",,,,,,,,,,civic,,,,cost-commercial-management,program-project-management,,,columbia,,,auto-migrated,
54852,2023-06-20,"Lucy Garrett Beckham High School",lucy-garrett-beckham-high-school-charleston-sc,"Charleston County School District",,,,,,,,,,k-12-education,,,,program-project-management,,,,charleston,,,auto-migrated,
54834,2023-06-20,"AC Hotel Savannah Historic District",ac-marriott-savannah-ga,"AC Hotel by Marriott",,,,,,,,,,hospitality-gaming,,,,program-project-management,,,,atlanta,,,auto-migrated,
54812,2023-06-20,eGenesis,egenesis-boston-ma,,,,,,,,,,,workplace,,,,,,,,boston,,,auto-migrated,
54741,2023-06-13,"London Hilton on Park Lane",london-hilton-on-park-lane-london-uk,"Hilton Worldwide & London & Regional",,,,"May 2024",,"Leach Rhodes Walker Architects",,"G.A Group (Interior Designer, MURs, Suites and Corridors); AvroKO (Interior Designer, Revery Bar)",68055,hospitality,hospitality-gaming,,,cost-management,program-project-management,,,london,,,auto-migrated,
54584,2023-05-25,"Morrison Hotel",morrison-hotel-dublin-ie,,,,,,,,,,,hospitality,hospitality-gaming,,,cost-management,program-project-management,,,dublin,,,auto-migrated,
54563,2023-05-23,"Webster Five",webster-five-auburn-ma,,,,,,,,,,,workplace,,,,program-project-management,,,,boston,,,auto-migrated,
54507,2023-05-19,"Yuma High School and Middle School",yuma-school-district-1-yuma-co,"Yuma School District",,,,,,,,,,k-12-education,,,,program-project-management,,,,denver,,,auto-migrated,
54487,2023-05-18,"Reliant Medical Group",reliant-medical-group-various-locations-ma,,,,,,,,,,,healthcare,,,,program-project-management,,,,boston,,,auto-migrated,
54390,2023-05-15,"Vail Health Hospital",vail-health-hospital-vail-co,"Vail Health",,,"December 2015","October 2020",,,,,60840,healthcare,,,,program-project-management,,,,vail,,,auto-migrated,
54004,2023-05-03,"St. Regis Rome",st-regis-rome-italy,"St. Regis Hotels & Resorts",,,,,,,,,,hospitality,hospitality-gaming,,,cost-management,project-management,,,milan,,,auto-migrated,
53808,2023-05-01,"Hilton Munich City",hilton-munich-city-munich-germany,"Hilton Hotels & Resorts",,,,,,,,,,hospitality,hospitality-gaming,,,cost-management,program-project-management,,,munich,,,auto-migrated,
53752,2023-04-24,"IAAM (International African American Museum)",iaam-international-african-american-museum-charleston-sc,"City of Charleston",,,,,,,,,,culture-non-profit,,,,program-project-management,,,,charleston,,,auto-migrated,
53748,2023-04-23,MassMutual,massmutual-boston-ma,,,,,,,,,,,workplace,,,,program-project-management,,,,boston,,,auto-migrated,
46294,2023-03-26,"Karuna Therapeutics, New Headquarters",karuna-therapeutics-new-headquarters-boston-ma,,,,,,,,,,,research-manufacturing,workplace,,,program-project-management,,,,boston,,,auto-migrated,
41754,2023-03-25,"Beam Therapeutics IWMS (iOffice) Implementation",beam-therapeutics-iwms-ioffice-implementation-cambridge-ma,"Beam Therapeutics",,,"January 2018","January 2020",,,,,60666,research-manufacturing,workplace,,,program-project-management,,,,boston,,,auto-migrated,
43784,2023-03-24,Grubhub,grubhub-boston-ma,,,,,,,,,,,workplace,,,,program-project-management,,,,boston,,,auto-migrated,
48836,2023-03-23,"Berklee College of Music",berklee-college-of-music-boston-ma,,,,,,,,,,,culture-non-profit,higher-education,,,program-project-management,,,,boston,,,auto-migrated,
48700,2023-03-22,DraftKings,draftkings-boston-ma,,,,,,,,,,,workplace,,,,program-project-management,,,,boston,,,auto-migrated,
48706,2023-03-21,"MilliporeSigma Life Sciences Center",milliporesigma-boston-ma,,,,,,,,,,,research-manufacturing,workplace,,,program-project-management,,,,boston,,,auto-migrated,
43094,2023-03-20,"Joyn Bio Lab and Office Fit-Out",joyn-bio-lab-and-office-fit-out,,,,,,,,,,,research-manufacturing,workplace,,,program-project-management,,,,boston,,,auto-migrated,
52617,2023-03-06,"Hotel Barrière Fouquet",hotel-barriere-fouquet-new-york-ny,Barrière,,,,,,,,,,hospitality-gaming,,,,cost-commercial-management,program-project-management,,,new-york,,,auto-migrated,
48708,2023-01-30,"Temple Beth Shalom",temple-beth-shalom-boston-ma,,,,,,,,,,,culture-non-profit,,,,program-project-management,,,,boston,,,auto-migrated,
12145,2023-01-28,"One Dalton Street",one-dalton-street-boston-ma,,,,,,,,,,,hospitality-gaming,luxury-residential,,,cost-commercial-management,project-monitoring,,,boston,,,auto-migrated,
48704,2023-01-26,"Kirkland + Ellis Law Office",kirkland-ellis-law-boston-ma,,,,,,,,,,,workplace,,,,program-project-management,,,,boston,,,auto-migrated,
33933,2023-01-25,"The Langham, Boston",the-langham-boston-boston-ma,,,,,,,,,,,hospitality-gaming,,,,cost-commercial-management,,,,boston,,,auto-migrated,
12179,2023-01-23,"FatFace Store",fatface-boston-ma,,,,,,,,,,,retail,,,,cost-commercial-management,,,,boston,,,auto-migrated,
48702,2023-01-22,"Goodwin Law Firm",goodwin-boston-ma,,,,,,,,,,,workplace,,,,program-project-management,,,,boston,,,auto-migrated,
33926,2023-01-20,"Mandarin Oriental Boston",mandarin-oriental-boston-ma,,,,,,,,,,,hospitality-gaming,,,,cost-commercial-management,program-project-management,,,boston,,,auto-migrated,
51314,2023-01-18,"Encompass Health Rehabilitation Hospital of Tustin",encompass-health-rehabilitation-hospital-of-tustin,"Encompass Health",,,"October 2019","March 2022",,,,,61997,healthcare,,,,cost-commercial-management,planning-scheduling,,,aliso-viejo,san-diego,,auto-migrated,
50957,2023-01-10,"Hilton Glasgow",hilton-glasgow,"Hilton Hotels & Resorts",,,,,,,,,,hospitality,,,,cost-management,program-project-management,,,edinburgh,,,auto-migrated,
50927,2023-01-09,"Tahoe Beach Club",tahoe-beach-club,"Tahoe Beach Club, LLC",,,,,,,,,,hospitality-gaming,luxury-residential,retail,,program-project-management,,,,reno,san-francisco,,auto-migrated,
50924,2023-01-09,"O'Brien Middle School",obrien-middle-school-washoe-county-school-district,"Washoe County School District",,,,,,,,,,k-12-education,,,,program-project-management,,,,reno,san-francisco,,auto-migrated,
50918,2023-01-09,"Tahoe Lake Elementary School",tahoe-lake-elementary-school,"Lake Tahoe Unified School District",,,,,,,,,,k-12-education,,,,program-project-management,,,,reno,san-francisco,,auto-migrated,
50488,2022-12-29,"The Sheraton Park Hotel at the Anaheim Resort",the-sheraton-park-hotel-at-the-anaheim-resort,"Taconic Capital Advisors",,,,,,,,,,hospitality-gaming,,,,program-project-management,,,,aliso-viejo,san-diego,,auto-migrated,
49770,2022-11-30,"Le Méridien Etoile Paris",le-meridien-etoile-paris,,,,,,,,,,,hospitality,,,,cost-management,project-management,,,paris,,,auto-migrated,
49768,2022-11-30,"Sofitel Paris Le Faubourg",sofitel-paris-le-faubourg,,,,,,,,,,,hospitality,,,,cost-management,project-management,,,paris,,,auto-migrated,
49766,2022-11-30,"Radisson RED Brussels",radisson-red-brussels,,,,,,,,,,,hospitality,,,,cost-management,project-management,,,paris,,,auto-migrated,
49764,2022-11-30,"Paris Marriott Opera Ambassador Hotel",paris-marriott-opera-ambassador-hotel,"Marriott Hotels & Resorts",,,,,,,,,,hospitality,,,,cost-management,project-management,,,paris,,,auto-migrated,
49762,2022-11-30,"Telefonica Munich",telefonica-munich,,,,,,,,,,,workplace,,,,cost-management,,,,munich,,,FALSE,
49760,2022-11-30,"Munich City Tower",munich-city-tower,,,,,,,,,,,workplace,,,,cost-management,,,,munich,,,auto-migrated,
49758,2022-11-30,"Hilton Munich Park, Munich, Germany",hilton-munich-park-munich-germany,"Hilton Hotels and Resorts",,,,,,,,,,hospitality,,,,cost-management,project-management,,,munich,,,auto-migrated,
49753,2022-11-30,"Steigenberger Parkhotel Düsseldorf",steigenberger-parkhotel-dusseldorf,,,,,,,,,,,hospitality,,,,cost-management,project-management,,,dusseldorf,,,auto-migrated,
49747,2022-11-30,"Breidenbacher Hof Düsseldorf",breidenbacher-hof-dusseldorf,,,,,,,,,,,hospitality,,,,project-management,,,,dusseldorf,,,auto-migrated,
49745,2022-11-30,"O2 World Arena",o2-world-arena-berlin,,,,,,,,,,,public-sector,,,,cost-management,project-management,,,berlin,,,auto-migrated,
49743,2022-11-30,"Mercedes Platz Berlin",mercedes-platz-berlin,,,,,,,,,,,public-sector,,,,cost-management,project-management,,,berlin,,,auto-migrated,
49741,2022-11-30,"Mama Shelter Prague",mama-shelter-prague-holesovice-czechia,"Almus Capital",,,,,,,,,,hospitality,,,,cost-management,project-management,,,berlin,,,auto-migrated,
49739,2022-11-30,"Sony Centre Berlin",sony-centre-berlin,,,,,,,,,,,public-sector,workplace,,,technical-due-dilligence,,,,berlin,,,auto-migrated,
49737,2022-11-30,"Edge Berlin",edge-berlin,,,,,,,,,,,workplace,,,,cost-management,,,,berlin,,,auto-migrated,
49735,2022-11-30,"Hilton Berlin",hilton-berlin,"Hilton Hotels and Resorts",,,,,,,,,,hospitality,,,,cost-management,project-management,,,berlin,,,auto-migrated,
49733,2022-11-30,"LLA Lot 2 Terminal Reconfiguration and Extension",lla-lot-2-terminal-reconfiguration-and-extension-project-curium,"London Luton Airport ",,,,,,,,,,aviation,,,,cost-management,,,,belfast,,,auto-migrated,
49731,2022-11-30,"Coleraine to Londonderry Track Renewals",coleraine-to-londonderry-track-renewals,,,,,,,,,,,rail-mass-transit,,,,cost-management,,,,belfast,,,auto-migrated,
49729,2022-11-30,"BIA Runway Rehabilitation",bia-runway-rehabilitation,,,,,,,,,,,aviation,,,,cost-management,,,,belfast,,,auto-migrated,
49725,2022-11-30,"A5 Western Transport Corridor",a5-western-transport-corridor,,,,,,,,,,,highways,,,,cost-management,,,,belfast,,,auto-migrated,
49751,2022-11-29,"Kimpton De Witt Amsterdam",kimpton-de-witt-amsterdam,,,,,,,,,,,hospitality,hospitality-gaming,,,cost-management,project-management,,,dusseldorf,,,auto-migrated,
49749,2022-11-29,"JW Marriott Venice Resort and Spa",jw-marriott-venice-resort-and-spa,"Marriott Hotels & Resorts",,,,,,,,,,hospitality,hospitality-gaming,,,cost-management,project-management,,,dusseldorf,,,auto-migrated,
48140,2022-08-30,"Friend Family Health",friend-family-health-chicago-il,,,,,,,,,,,healthcare,,,,cost-commercial-management,,,,chicago,,,auto-migrated,
48051,2022-08-29,"Tarrant County Hospital",jps-health-tarrant-county-hospital-fort-worth-tx,"JPS Health",,,,,,,,,,healthcare,,,,cost-commercial-management,,,,fort-worth,,,auto-migrated,
47571,2022-07-27,"Ardmore Studios expansion",ardmore-studios-co-wicklow-ireland,"Ardmore Studios, Co.",,,,,,,,,,workplace,,,,cost-management,,,,cork,,,auto-migrated,
47576,2022-07-27,"Walled Garden",walled-garden-dublin-14-ireland,"Marlet Property Group",,,,,,,,,,residential,,,,cost-management,,,,cork,,,auto-migrated,
47575,2022-07-27,"One & Two Dockland Central",one-two-dockland-central-dublin-1-ireland,,,,,,,,,,,workplace,,,,cost-management,,,,cork,,,auto-migrated,
47574,2022-07-27,"Allied Irish Bank (AIB) Corporate HQ",allied-irish-bank-aib-corporate-hq-nationwide-ireland,,,,,,,,,,,workplace,retail,,,cost-management,,,,cork,,,auto-migrated,
47573,2022-07-27,"Vodafone HQ",vodafone-hq-nationwide-ireland,,,,,,,,,,,workplace,,,,cost-management,project-management,,,cork,,,auto-migrated,
47572,2022-07-27,"EBS Branch Network",ebs-branch-network-nationwide-ireland,,,,,,,,,,,retail,,,,cost-management,,,,cork,,,auto-migrated,
47570,2022-07-27,"Sustainable Energy Authority of Ireland",sustainable-energy-authority-of-ireland-dublin-2-ireland,,,,,,,,,,,workplace,,,,cost-management,,,,cork,,,auto-migrated,
47569,2022-07-27,"Office Refurbishment and Fit-Out",ey-nationwide-ireland,EY,,,,,,,,,,workplace,,,,cost-management,,,,cork,,,auto-migrated,
47553,2022-07-27,"Irish Stock Exchange (Euronext)",irish-stock-exchange-euronext-dublin-2-ireland,,,,,,,,,,,workplace,,,,cost-management,,,,dublin,,,auto-migrated,
47550,2022-07-27,"Global HQ Fit-Out",avolon-aerospace-hq-dublin-4-ireland,"Avalon Aerospace",,,,,,,,,,workplace,,,,cost-management,,,,dublin,,,auto-migrated,
47547,2022-07-27,"One South County",one-south-county-leopardstown-dublin-ireland,,,,,,,,,,,workplace,,,,cost-management,,,,dublin,,,auto-migrated,
47544,2022-07-27,"Motel One",motel-one-dublin-1-ireland,,,,,,,,,,,hospitality,,,,cost-management,project-management,,,dublin,,,auto-migrated,
47541,2022-07-27,"Green Acre Grange",green-acre-grange-dublin-14-ireland,,,,,,,,,,,residential,,,,cost-management,,,,dublin,,,auto-migrated,
47538,2022-07-27,"Dublin Landings",dublin-landings-dublin-1-ireland,,,,,,,,,,,residential,workplace,,,cost-management,,,,dublin,,,auto-migrated,
47536,2022-07-27,"Founders District",founders-district-belfield-dublin-4-ireland,,,,,,,,,,,workplace,,,,cost-management,,,,dublin,,,auto-migrated,
47531,2022-07-27,"Meta Campus",meta-campus-dublin-4-ireland,Meta,,,,,,,,,,workplace,,,,cost-management,,,,dublin,,,auto-migrated,
47103,2022-06-27,"Oregon City Police and Municipal Courts Building",oregon-city-police-and-municipal-courts-building-oregon-city-or,"Oregon City",,,,,,,,,,civic,,,,program-project-management,,,,portland,,,auto-migrated,
47107,2022-06-27,"New Public Works Building",city-of-tualatin-new-public-works-building-tualatin-or,"City of Tualatin",,,,,,,,,,infrastructure,,,,program-project-management,,,,portland,,,auto-migrated,
47105,2022-06-27,"New Public Works Operations Complex",oregon-city-new-public-works-operations-complex-oregon-city-or,"Oregon City Public Works Department",,,,,,,,,,infrastructure,,,,program-project-management,,,,portland,,,auto-migrated,
47100,2022-06-27,"Columbia Gorge Community College",columbia-gorge-community-college-the-dalles-or,"Columbia Gorge Community College s",,,,,,,,,,higher-education,,,,program-project-management,,,,portland,,,auto-migrated,
45573,2022-04-19,"Soho House",soho-house-nashville-tn,"AJ Capital Partners",,,"June 2020","February 2022",,,"EMC Structural Engineers, P.C. (Structural Engineers)",,62024,hospitality-gaming,,,,program-project-management,,,,nashville,,,auto-migrated,
44654,2022-02-28,"Command and Control Center",trimet-command-and-control-center-portland-or,TriMet,,,,,,,,,,civic,,,,program-project-management,,,,portland,,,auto-migrated,
44652,2022-02-28,"Tanner Point",tanner-point-portland-or,"CBRE Global Investors",,,,,,,,,,retail,workplace,,,program-project-management,,,,portland,,,auto-migrated,
44650,2022-02-28,"Randall Children’s Hospital",randall-childrens-hospital-portland-or,"Legacy Emanuel Medical Center",,,,,,,,,,healthcare,,,,program-project-management,,,,portland,,,auto-migrated,
44648,2022-02-28,"Dawson Park",dawson-park-portland-or,"Prosper Portland (PP) and Portland Parks & Recreation (PPR)",,,,,,,,,,culture-non-profit,,,,program-project-management,,,,portland,,,auto-migrated,
44646,2022-02-28,"Port of Portland Headquarters and Parking Garage",port-of-portland-headquarters-and-parking-garage-portland-or,"The Port of Portland",,,,,,,,,,retail,workplace,,,program-project-management,,,,portland,,,auto-migrated,
44644,2022-02-28,"Cascade Hall",pacific-university-cascade-hall-forest-grove-or,"Pacific University",,,,,,,,,,higher-education,,,,program-project-management,,,,portland,,,auto-migrated,
44642,2022-02-28,"OHSU Kohler Pavilion and Parking Garage",ohsu-kohler-pavilion-and-parking-garage-portland-or,"Oregon Health & Science University (OHSU) Hospital",,,,,,,,,,healthcare,,,,program-project-management,,,,portland,,,auto-migrated,
44640,2022-02-28,"Oregon Convention Center Plaza, Entries, and Interior Renovation",oregon-convention-center-plaza-entries-and-interior-renovation-portland-or,"Oregon Convention Center",,,,,,,,,,culture-non-profit,,,,program-project-management,,,,portland,,,auto-migrated,
44633,2022-02-28,"North Pointe Homes",willamette-view-north-pointe-homes-portland-or,"Willamette View Retirement Community",,,,,,,,,,healthcare,,,,program-project-management,,,,portland,,,auto-migrated,
44631,2022-02-28,"Mt. Hood Medical Services Building",mt-hood-medical-services-building-gresham-or,"Legacy Mount Hood Medical Center",,,,,,,,,,healthcare,,,,program-project-management,,,,portland,,,auto-migrated,
44626,2022-02-28,"Project NOVA Headquarters & Parking Garage",project-nova-headquarters-parking-garage-portland-or,"Daimler Truck North America",,,,,,,,,,retail,workplace,,,program-project-management,,,,portland,,,auto-migrated,
44622,2022-02-28,"Industrial Technology Center",clackamas-community-college-industrial-technology-center-oregon-city-or,"Clackamas Community College",,,,,,,,,,higher-education,,,,program-project-management,,,,portland,,,auto-migrated,
44620,2022-02-28,"Douglas Loop Reconstruction",clackamas-community-college-douglas-loop-reconstruction-oregon-city-or,"Clackamas Community College",,,,,,,,,,higher-education,,,,program-project-management,,,,portland,,,auto-migrated,
44618,2022-02-28,"Harmony West",clackamas-community-college-harmony-west-milwaukie-or,"Clackamas Community College",,,,,,,,,,higher-education,,,,program-project-management,,,,portland,,,auto-migrated,
44616,2022-02-28,"Pavilion Expansion and Parking Garage",adventist-health-pavilion-expansion-and-parking-garage-portland-or,"Adventist Health",,,,,,,,,,healthcare,,,,program-project-management,,,,portland,,,auto-migrated,
44493,2022-02-16,"Vanderbilt University",vanderbilt-university-nashville-tn,"Vanderbilt University",,,,,,,,,,higher-education,,,,cost-commercial-management,planning-scheduling,program-project-management,,nashville,,,auto-migrated,
42718,2021-11-18,"Singleton Theater and Wolf Theater",denver-center-for-the-performing-arts-denver-co,"Denver Center for Performing Arts",,,,,,,,,,culture-non-profit,,,,program-project-management,,,,denver,,,auto-migrated,
42524,2021-11-05,"3 Sutton Place",3-sutton-place-manhattan-ny,"Gamma Real Estate",,,,,,,,,,luxury-residential,,,,program-project-management,,,,new-york,,,auto-migrated,
37496,2020-10-14,"Inpatient Tower and Emergency Department",university-of-colorado-hospital-at-anschutz-tower-2-expansion-aurora-co,"University of Colorado Hospital at Anschutz",,,,,,,,,,healthcare,,,,program-project-management,,,,denver,,,auto-migrated,
37491,2020-10-14,"The Eating Recovery Center (ERC)",eating-recovery-center-partial-hospitalization-program-kitchen-renovation-denver-co,,,,,,,,,,,healthcare,,,,program-project-management,,,,denver,,,auto-migrated,
37475,2020-10-14,"UCHealth Longs Peak Hospital",uchealth-longs-peak-hospital-longmont-co,UCHealth,,,,,,,,,,healthcare,,,,program-project-management,,,,denver,,,auto-migrated,
37471,2020-10-14,"Synergy Medical Office Building",synergy-medical-office-building-denver-co,,,,,,,,,,,healthcare,,,,program-project-management,,,,denver,,,auto-migrated,
37468,2020-10-14,"Kaiser Lone Tree Medical Offices",kaiser-lone-tree-lone-tree-co,"Kaiser Permanente",,,,,,,,,,healthcare,,,,program-project-management,,,,denver,,,auto-migrated,
37449,2020-10-14,"Assembly Athletic Complex",metropolitan-state-university-of-denver-athletics-complex-phase-ii-denver-co,"Metropolitan State University of Denver",,,,,,,,,,higher-education,,,,program-project-management,,,,denver,,,auto-migrated,
37445,2020-10-14,"Student Success Building",metropolitan-state-university-student-success-building-denver-co,"Metropolitan State University of Denver",,,,,,,,,,higher-education,,,,program-project-management,,,,denver,,,auto-migrated,
37432,2020-10-14,"Behavior Analyst Certification Board Office Building",behavior-analyst-certification-board-office-building-littleton-co,"Behavior Analyst Certification Board",,,,,,,,,,workplace,,,,program-project-management,,,,denver,,,auto-migrated,
37427,2020-10-14,"Boulder Commons",the-commons-phase-1-boulder-co,"Coburn Partners",,,,,,,,,,workplace,retail,,,program-project-management,,,,denver,,,auto-migrated,
37421,2020-10-14,"Ovintiv (formerly Encana Oil and Gas) Office Building",ovintiv-formerly-encana-oil-and-gas-parachute-co,Ovintiv,,,,,,,,,,workplace,,,,program-project-management,,,,denver,,,auto-migrated,
37418,2020-10-14,"Sheltair FBO",sheltair-fbo-broomfield-co,Sheltair,,,,,,,,,,transportation,,,,program-project-management,,,,denver,,,auto-migrated,
37414,2020-10-14,"Virgin Hotel",virgin-hotel-dallas-tx,"Virigin Group",,,,,,,,,,hospitality-gaming,,,,program-project-management,,,,fort-worth,,,auto-migrated,
56217,2020-10-14,"Virgin Hotel",st-virgin-hotel-nashville-tn,"Virigin Group",,,,,,,,,,hospitality-gaming,,,,program-project-management,,,,nashville,,,auto-migrated,
37149,2020-09-17,"Gateway of Pacific buildings 1 – 3",biomed-realty-south-san-francisco-ca,"BioMed Realty",,,,,,,,,,research-manufacturing,workplace,,,cost-commercial-management,,,,san-francisco,,,auto-migrated,
36390,2020-07-07,"American Dream Meadowlands",american-dream-meadowlands-east-rutherford-nj,"Triple Five Group",,,,,,,,,,retail,themed-entertainment,,,cost-commercial-management,program-project-management,,,cranford,,,auto-migrated,
36326,2020-06-25,"Kilroy Oyster Point Development",kilroy-oyster-point-south-san-francisco-ca,"City of South San Francisco",,,"January 2017",,"Kilroy Realty",,,,36530,workplace,,,,cost-commercial-management,planning-scheduling,program-project-management,,san-francisco,,,auto-migrated,
36208,2020-06-05,"Four Seasons Nashville",four-seasons-nashville-nashville-tn,"Four Seasons Hotels & Resort",,,,,,,,,,hospitality-gaming,luxury-residential,,,project-monitoring,,,,nashville,,,auto-migrated,
36202,2020-06-05,"Four Seasons New Orleans",four-seasons-new-orleans-new-orleans-la,"Four Seasons Hotels & Resort",,,,,,,,,,hospitality-gaming,luxury-residential,,,project-monitoring,,,,,,,auto-migrated,
35419,2020-03-19,"San Rafael City Schools",san-rafael-city-schools-san-rafael-ca,"San Rafael City Schools",,,,,,,,,,k-12-education,,,,project-controls,,,,san-francisco,,,auto-migrated,
35010,2020-03-18,"805 Lea",805-lea-nashville-tn,"Key Real Estate Company",,,,,,,,,,luxury-residential,,,,program-project-management,,,,nashville,,,auto-migrated,
35023,2020-02-11,"1 Hotel / Embassy Suites",1-hotel-embassy-suites-nashville-tn,"Hilton Hotels",,,,,,,,,,hospitality-gaming,,,,program-project-management,,,,nashville,,,auto-migrated,
35020,2020-02-11,"Grand Hyatt",grand-hyatt-nashville-tn,"Hyatt Hotels Corporation",,,,,,,,,,hospitality-gaming,,,,program-project-management,,,,nashville,,,auto-migrated,
35017,2020-02-11,"Thompson Nashville",thompson-nashville-nashville-tn,"Hyatt Hotels Corporation",,,,,,,,,,hospitality-gaming,,,,program-project-management,,,,nashville,,,auto-migrated,
35014,2020-02-11,"Graduate Hotel",graduate-hotel-nashville-tn,"Hilton Hotels",,,,,,,,,,hospitality-gaming,,,,program-project-management,,,,nashville,,,auto-migrated,
35011,2020-02-11,"Hampton Inn",hampton-inn-nashville-tn,"The LCP Group LP",,,,,"Earl Swensson Associates",,,,,hospitality-gaming,,,,program-project-management,,,,nashville,,,auto-migrated,
35004,2020-02-11,"Parson’s Chicken and Fish",parsons-chicken-and-fish-nashville-tn,,,,,,,,,,,retail,,,,program-project-management,,,,nashville,,,auto-migrated,
35001,2020-02-11,"Nashville Warehouse Co – Office Portion",nashville-warehouse-co-office-portion-nashville-tn,"AJ Capital Partners",,,,,,,,,,workplace,,,,program-project-management,,,,nashville,,,auto-migrated,
34998,2020-02-11,"Nashville Yards",nashville-yards-nashville-tn,"Southwest Value Partners",,,,,,,,,,workplace,,,,program-project-management,,,,nashville,,,auto-migrated,
34793,2020-01-28,"Google, Spruce Goose",google-spruce-goose-playa-vista-ca,Google,,,"October 2014","January 2019",,"ZGF Architects","CBRE (Project Management), Arup (Lighting, Engineering, Acoustics), SPMD (Art/Fabrication), Tom Leader Studio (Landscaping), Volume, Inc. (Graphics)","MATT Construction",37069,workplace,,,,cost-commercial-management,,,,los-angeles,,,auto-migrated,
34525,2019-12-17,"Santa Monica Municipal Airport",santa-monica-municipal-airport-santa-monica-ca,"Santa Monica Municipal Airport",,,,,,,,,,transportation,,,,energy-sustainability-solutions,,,,los-angeles,,,auto-migrated,
34522,2019-12-17,"Santa Monica-Malibu Unified School District",santa-monica-malibu-unified-school-district-santa-monica-ca,"Santa Monica-Malibu Unified School District",,,,,,,,,,k-12-education,,,,energy-sustainability-solutions,,,,los-angeles,,,auto-migrated,
34070,2019-10-29,"Barbara Walters Campus Center",barbara-walters-campus-center-bronxville-ny,"Sarah Lawrence College",,,,,,,,,,higher-education,,,,program-project-management,,,,new-york,,,auto-migrated,
33460,2019-09-10,"T5 & T5i at JFK",jetblue-t5-t5i-at-jfk-jamaica-ny,jetBlue,,,,,,,,,,transportation,,,,program-project-management,,,,new-york,,,auto-migrated,
33188,2019-07-29,Yotel,yotel-san-francisco-ca,"Sage Hospitality Group",,,,,,,,,,hospitality-gaming,,,,energy-sustainability-solutions,,,,san-francisco,,,auto-migrated,
33185,2019-07-29,"The Music Center",the-music-center-los-angeles-ca,"The Music Center","135 North Grand Avenue, Los Angeles, CA 90012",,"December 2016","May 2019","The County of Los Angeles",,,,36559,culture-non-profit,,,,energy-sustainability-solutions,,,,los-angeles,,,auto-migrated,
33182,2019-07-29,"Judicial Council of California Courthouses",judicial-council-of-california-various-locations-california,"Judicial Council of California",,,,,,,,,,civic,,,,program-project-management,energy-sustainability-solutions,,,los-angeles,,,auto-migrated,
33178,2019-07-29,"Los Angeles County Department of Parks and Recreation",los-angeles-county-department-of-parks-and-recreation-los-angeles-ca,"Los Angeles Department of Parks and Recreation",,,,,,,,,,civic,,,,energy-sustainability-solutions,,,,los-angeles,,,auto-migrated,
33173,2019-07-29,"LA Metro Sustainability Program",los-angeles-county-metropolitan-transportation-authority-metro-los-angeles-ca,"Los Angeles County Metropolitan Transportation Authority (Metro)",,,,,,,,,,transportation,,,,program-project-management,energy-sustainability-solutions,,,los-angeles,,,auto-migrated,
33133,2019-07-24,"220 Central Park South",220-central-park-south-manhattan-ny,"Vornado Realty Trust",,,,,,,,,,luxury-residential,,,,program-project-management,,,,new-york,,,auto-migrated,
33129,2019-07-24,"LaGuardia Airport Central Terminal Building Program",laguardia-airport-central-terminal-building-program-flushing-ny,"the Port Authority",,,,,,,,,,transportation,,,,program-project-management,,,,new-york,,,auto-migrated,
33126,2019-07-24,"Jacob K. Javits Convention Center Expansion",jacob-k-javits-convention-center-expansion-new-york-ny,"The New York Convention Center Development Corporation",,,,,,,,,,culture-non-profit,,,,program-project-management,,,,new-york,,,auto-migrated,
33121,2019-07-24,"Four Seasons Hotel and Residences at The Surf Club",four-seasons-hotel-and-residences-at-the-surf-club-surfside-fl,"Fort Partners",,,,,,,,,,hospitality-gaming,luxury-residential,,,program-project-management,,,,miami,,,auto-migrated,
33108,2019-07-24,"Manhattanville Campus",columbia-university-manhattanville-campus-manhattan-ny,"Columbia University",,,,,,,,,,higher-education,,,,program-project-management,,,,new-york,,,auto-migrated,
33103,2019-07-24,"River Campus",rockefeller-university-new-york-ny,"Rockefeller University",,,,,,,,,,higher-education,,,,program-project-management,,,,new-york,,,auto-migrated,
33051,2019-07-22,"Eataly USA, Multiple Projects",eataly-usa-multiple-projects,Investindustrial,,,,,,,,,,retail,,,,program-project-management,,,,new-york,,,auto-migrated,
33048,2019-07-22,"Confidential Client Restack Project",confidential-client-new-york-ny,,,,,,,,,,,workplace,,,,program-project-management,,,,new-york,,,auto-migrated,
33040,2019-07-22,"25 Kent",25-kent-brooklyn-ny,"Rubenstein Partners and Heritage Equity Partners",,,,,,,,,,workplace,,,,program-project-management,,,,new-york,,,auto-migrated,
33035,2019-07-18,"Shawn Jenkins Children's Hospital & Pearl Tourville Women’s Pavilion",musc-shawn-jenkins-childrens-hospital-pearl-tourville-womens-pavilion-charleston-sc,"Medical University of South Carolina",,,,,,,,,,healthcare,,,,cost-commercial-management,program-project-management,,,charleston,,,auto-migrated,
32834,2019-06-27,"Orange High School, Science Building",orange-county-unified-school-district-orange-ca,"Orange County Unified School District",,,,,,,,,,k-12-education,,,,cost-commercial-management,,,,aliso-viejo,,,auto-migrated,
32830,2019-06-27,"Marina Park",marina-park-newport-beach-ca,"The City of Newport Beach",,,,,,,,,,civic,,,,cost-commercial-management,,,,aliso-viejo,,,auto-migrated,
32827,2019-06-27,"New Veterans Sports Park at Tustin Legacy",city-of-tustin-new-veterans-sports-park-at-tustin-legacy-tustin-ca,"City of Tustin",,,,,,,,,,civic,,,,cost-commercial-management,,,,aliso-viejo,,,auto-migrated,
32824,2019-06-27,"John Wayne Airport",john-wayne-airport-santa-ana-ca,"The County of Orange",,,,,,,,,,transportation,,,,cost-commercial-management,,,,aliso-viejo,,,auto-migrated,
32820,2019-06-27,"City of Lake Forest Civic Center",city-of-lake-forest-civic-center,,,,,,"Carrier Johnson + Culture",,,,,civic,,,,cost-commercial-management,,,,aliso-viejo,,,auto-migrated,
32812,2019-06-27,"H.H. Chao Comprehensive Digestive Disease Center",uc-irvine-medical-center-orange-ca,"UC Irvine Medical Center",,,,,,,,,,healthcare,,,,cost-commercial-management,,,,aliso-viejo,,,auto-migrated,
32000,2019-03-01,"Z Bar at The Peninsula Chicago",chicago-peninsula-rooftop-bar-chicago-il,,,,,,,,,,,hospitality-gaming,,,,cost-commercial-management,,,,chicago,,,auto-migrated,
31997,2019-03-01,"Chicago Old Post Office",chicago-old-post-office-chicago-il,,,,,,,,,,,workplace,,,,cost-commercial-management,,,,chicago,,,auto-migrated,
31994,2019-03-01,"Tribune Tower",chicago-tribune-tower-chicago-il,,,,,,,,,,,luxury-residential,,,,cost-commercial-management,,,,chicago,,,auto-migrated,
31990,2019-03-01,"Wrigley Field",wrigley-field-renovations-chicago-il,,,,,,,,,,,culture-non-profit,,,,cost-commercial-management,,,,chicago,,,auto-migrated,
30362,2018-11-20,"BP Lower 48 Headquarters",bp-lower-48-headquarters-denver-co,"BP America Production Company (BP)",,,,,,,,,,workplace,,,,cost-commercial-management,planning-scheduling,program-project-management,,denver,,,auto-migrated,
18783,2017-10-16,"PUBLIC Hotel & Residences",public-hotel-new-york-city-ny,"Witkoff Group and Ian Schrager Group",,,,,,,,,,hospitality-gaming,luxury-residential,,,cost-commercial-management,program-project-management,,,new-york,,,auto-migrated,
15235,2017-05-30,"Jacobs Medical Center",jacobs-medical-center-la-jolla-ca-2,"UC San Diego Health",,,,,,,,,,healthcare,,,,cost-commercial-management,planning-scheduling,program-project-management,,san-diego,,,auto-migrated,
16448,2017-04-12,"Quechan Casino Resort",quechan-winterhaven-ca-2,"Fort Yuma Quechan Tribe",,,,,,,,,,hospitality-gaming,,,,cost-commercial-management,program-project-management,,,san-diego,,,auto-migrated,
15307,2017-03-04,"Meta West Campus",facebook-west-campus,"Meta Platforms",,,,,,,,,,workplace,,,,cost-commercial-management,program-project-management,,,san-francisco,,,auto-migrated,
14303,2016-11-16,"Harvey Nichols",harvey-nichols-birmingham-uk,"Harvey Nichols",,,,,,,,,,retail,,,,program-project-management,,,,london,,,auto-migrated,
14281,2016-11-14,"Langham London",langham-london-london-uk,"Great Eagle",,,,,,,,,,hospitality-gaming,,,,cost-management,project-management,,,london,,,auto-migrated,
13195,2016-08-17,"St. Jude Medical Center Northwest Tower",st-jude-medical-center-northwest-tower-st-joseph-health-systems,"St. Joseph Health System",,,,,,,,,,healthcare,,,,cost-commercial-management,,,,aliso-viejo,,,auto-migrated,
13193,2016-08-17,"Measure S Bond Program",glendale-unified-school-district-measure-s-bond-program-glendale-ca,"Glendale Unified School District",,,,,,,,,,k-12-education,,,,program-project-management,,,,los-angeles,,,auto-migrated,
13191,2016-08-17,"Museum of Neon Art Renovation & Conversion",museum-of-neon-art-glendale-ca,"Museum of Neon Art (MONA)",,,,,,,,,,culture-non-profit,,,,cost-commercial-management,,,,aliso-viejo,,,auto-migrated,
13188,2016-08-17,"Kaiser Sand Canyon",kaiser-sand-canyon-irvine-ca,"Kaiser Foundation Health Plan",,,,,,,,,,healthcare,,,,cost-management,,,,aliso-viejo,,,auto-migrated,
13187,2016-08-17,"Kaiser Permanente Ontario Campus",kaiser-permanente-ontario-campus-ontario-ca,"Kaiser Permanente",,,,,,,,,,healthcare,,,,cost-commercial-management,program-project-management,,,aliso-viejo,,,auto-migrated,
12509,2016-06-01,"15 Hudson Yards",15-hudson-yards-new-york-ny-2,"Hudson Yards",,,,,,,,,,luxury-residential,,,,project-monitoring,,,,new-york,,,auto-migrated,
12259,2016-05-28,"Caesars Palace Master Plan",caesars-palace-master-plan-las-vegas-nv,"Ceasars Entertainment/VICI Properties",,,,,,,,,,hospitality-gaming,,,,cost-commercial-management,,,,las-vegas,,,auto-migrated,
12094,2016-05-26,"Helios Energy Research Facility",university-of-california-berkeley-helios-energy-research-facility-berkeley-ca,"UC Berkeley",,,,,,,,,,higher-education,industrial-logistics,life-sciences,workplace,cost-commercial-management,,,,san-francisco,,,auto-migrated,
12091,2016-05-26,"Samsung Electronics Co. New Headquarters",samsung-electronics-co-ltd-san-jose-ca,"Samsung Electronics Co",,,,,,,,,,industrial-logistics,workplace,data-centers,,program-project-management,,,,san-francisco,,,auto-migrated,
12255,2016-05-26,"Four Winds Casino",four-winds-casino-new-buffalo-mi,"The Pokagon Band of Potawatomi Indians",,,,,,,,,,hospitality-gaming,,,,program-project-management,,,,,,,auto-migrated,
12143,2016-05-26,"Metropolis Phases I and II",metropolis-phases-i-and-ii-los-angeles-ca,"Greenland Real Estate Group",,,,,,,,,,hospitality-gaming,luxury-residential,,,cost-commercial-management,,,,los-angeles,,,auto-migrated,
12100,2016-05-26,"PIMCO Office Tower",pimco-office-tower-newport-beach-ca,"Pacific Investment Management Co. (PIMCO)",,,,,,,,,,workplace,,,,cost-commercial-management,,,,aliso-viejo,,,auto-migrated,
12319,2016-05-25,"South Carolina State Museum",south-carolina-state-museum-columbia-sc,,,,,,,,,,,culture-non-profit,,,,program-project-management,,,,columbia,,,auto-migrated,
12317,2016-05-25,"Community Cultural Arts Center",new-community-cultural-arts-center-town-of-piscataway-piscataway-nj,"Town of Piscataway",,,,,,,,,,civic,culture-non-profit,,,program-project-management,,,,cranford,,,auto-migrated,
12312,2016-05-25,"Fort Mill School District #4 High School",fort-mill-school-district-4-fort-mill-sc,"Fort Mill School District",,,,,,,,,,k-12-education,,,,cost-commercial-management,program-project-management,,,columbia,,,auto-migrated,
12310,2016-05-25,"Buist Academy",buist-academy-charleston-sc,"Charleston County School District",,,,,,,,,,k-12-education,,,,cost-commercial-management,program-project-management,,,charleston,,,auto-migrated,
12308,2016-05-25,"Muller Road Middle School",muller-road-middle-school-blythewood-sc,"Richland School District",,,,,,,,,,k-12-education,,,,cost-commercial-management,,,,columbia,,,auto-migrated,
12306,2016-05-25,"River Bluff High School",river-bluff-high-school-columbia-sc,"Lexington School District 1 district",,,,,,,,,,k-12-education,,,,cost-commercial-management,program-project-management,,,columbia,,,auto-migrated,
12300,2016-05-25,"Anaheim Union High School District",anaheim-union-high-school-district-anaheim-ca,"Anaheim Union High School District",,,"August 2018","October 2019",,"Ruhnau Clarke Architects","Vital Inspection Services (Project Inspector), Twining Consulting, Inc. (Material & Testing Lab)","Balfour Beatty Construction",40240,k-12-education,,,,program-project-management,,,,aliso-viejo,,,auto-migrated,
12298,2016-05-25,"James Simons Elementary School",charleston-county-school-district-james-simons-elementary-school-charleston-sc,"Charleston County School District",,,,,,,,,,k-12-education,,,,cost-commercial-management,program-project-management,,,charleston,,,auto-migrated,
12293,2016-05-25,"New Student Success Center",new-student-success-center-rowan-college-at-burlington-county-pemberton-nj,"Rowan College at Burlington County",,,,,,,,,,higher-education,,,,cost-commercial-management,program-project-management,,,concord,,,auto-migrated,
12290,2016-05-25,"Steidle Laboratory",penn-state-university-steidle-laboratory-university-park-pa,"Penn State University",,,,,,,,,,higher-education,,,,cost-commercial-management,,,,washington-dc,,,auto-migrated,
12283,2016-05-25,"Georgia State Alpharetta Center",georgia-state-alpharetta-center-alpharetta-ga,"Georgia State University",,,,,,,,,,higher-education,,,,cost-commercial-management,program-project-management,,,atlanta,,,auto-migrated,
12275,2016-05-25,"UC Los Angeles Pauley Pavilion",uc-los-angeles-pauley-pavilion-los-angeles-ca,UCLA,,,,,,,,,,higher-education,,,,cost-commercial-management,,,,los-angeles,,,auto-migrated,
12272,2016-05-25,"New School of Law",university-of-south-carolina-school-of-law-columbia-sc,"University of South Carolina",,,,,,,,,,higher-education,,,,program-project-management,,,,columbia,,,auto-migrated,
12265,2016-05-25,"Darla Moore School of Business",darla-moore-school-of-business-columbia-sc,"University of South Carolina",,,,,,,,,,higher-education,,,,cost-commercial-management,program-project-management,,,columbia,,,auto-migrated,
12245,2016-05-25,"Hyatt Regency Maui Resort & Spa",hyatt-regency-maui-resort-spa-maui-hi,"HMC Maui",,,,,,,,,,hospitality-gaming,,,,program-project-management,,,,honolulu,,,auto-migrated,
12240,2016-05-25,"DO NOT MIGRATE OVER Modern Hotel Waikiki",the-modern-hotel-waikiki-honolulu-hi,"Waikiki LLC",,,,,,,,,,hospitality-gaming,,,,cost-commercial-management,program-project-management,,,honolulu,,,auto-migrated,
12237,2016-05-25,"Aulani Disney Resort",aulani-disney-resort-ko-olina-hi,Disney,,,,,,,,,,hospitality-gaming,,,,,,,,honolulu,,,auto-migrated,
12234,2016-05-25,"Hilton McLean",hilton-mclean-mclean-va,"Hilton Hotels",,,,,,,,,,hospitality-gaming,,,,program-project-management,,,,washington-dc,,,auto-migrated,
12229,2016-05-25,"Four Seasons at 30 Park Place",four-seasons-at-30-park-place-new-york-ny,"Silverstein Properties",,,,,,,,,,hospitality-gaming,luxury-residential,,,project-monitoring,,,,new-york,,,auto-migrated,
12226,2016-05-25,"Margaritaville Hollywood Beach Resort",margaritaville-hollywood-beach-resort-hollywood-fl,"KSL Capital Partners LLC (KSL)",,,,,,,,,,hospitality-gaming,,,,cost-commercial-management,program-project-management,,,miami,,,auto-migrated,
12223,2016-05-25,"London EDITION",edition-london-london-uk,"Marriott International",,,,,,,,,,hospitality,,,,project-management,cost-management,,,london,,,auto-migrated,
12214,2016-05-25,"North Carolina Heart & Vascular Hospital",unc-health-rex-north-carolina-heart-vascular-hospital-raleigh-nc,"UNC Health Rex",,,,,,,,,,healthcare,,,,cost-commercial-management,,,,raleigh,,,auto-migrated,
12208,2016-05-25,"Westchester Medical Center",westchester-medical-center-valhalla-ny,"Westchester County Health Care Corporation",,,,,,,,,,healthcare,,,,cost-commercial-management,program-project-management,,,new-york,,,auto-migrated,
12204,2016-05-25,"Santa Barbara Cottage Hospital",santa-barbara-cottage-hospital-santa-barbara-ca,"Cottage Health System’",,,,,,,,,,healthcare,,,,cost-commercial-management,planning-scheduling,,,los-angeles,,,auto-migrated,
12200,2016-05-25,"VA Palo Alto Health Care System",va-palo-alto-health-care-system-palo-alto-ca,"VA Sierra Pacific Network",,,,,,,,,,healthcare,,,,cost-commercial-management,,,,san-francisco,,,auto-migrated,
12194,2016-05-25,"Prebys Cardiovascular Institute",prebys-cardiovascular-institute-la-jolla-ca,"Scripps Health",,,,,,,,,,healthcare,,,,cost-commercial-management,,,,san-diego,,,auto-migrated,
12191,2016-05-25,"Kaiser Redwood City",kaiser-redwood-city-redwood-city-ca,"Kaiser Permanente",,,,,,,,,,healthcare,,,,cost-commercial-management,,,,san-francisco,,,auto-migrated,
12188,2016-05-25,"Hub Zero",hub-zero-dubai-uae,,,,,,,,,,,themed-entertainment,,,,cost-commercial-management,,,,,,,auto-migrated,
12181,2016-05-25,"Dubai Parks and Resorts – Phase 1",dubai-parks-resorts-dubai-parks-dubai-uae,,,,,,,,,,,themed-entertainment,,,,cost-commercial-management,,,,,,,auto-migrated,
12177,2016-05-25,"Neiman Marcus, Various Projects",neiman-marcus-nationwide,"Neiman Marcus",,,,,,,,,,retail,,,,cost-commercial-management,,,,new-york,,,auto-migrated,
12173,2016-05-25,Farfetch,farfetch-new-york-ny,Farfetch,,,,,,,,,,retail,,,,cost-commercial-management,program-project-management,,,new-york,,,auto-migrated,
12170,2016-05-25,"Bergdorf Goodman, Ground and Sixth Floor",bergdorf-goodman-ground-and-sixth-floor-new-york-ny,"Bergdorf Goodman",,,,,,,,,,retail,,,,cost-commercial-management,,,,new-york,,,auto-migrated,
12167,2016-05-25,"The BLOC",the-bloc-los-angeles-ca,"National Real Estate Advisors",,,,,,,,,,retail,,,,cost-commercial-management,program-project-management,planning-scheduling,,los-angeles,,,auto-migrated,
12161,2016-05-25,"Westfield Valley Fair Mall",westfield-valley-fair-mall-santa-clara-ca,"Westfield Development",,,,,,,,,,retail,,,,cost-commercial-management,,,,silicon-valley,,,auto-migrated,
12148,2016-05-25,"EDITION Hotel & Residences",edition-hotel-residences-new-york-miami-london,"EDITION- Marriott International",,,,,,,,,,hospitality-gaming,luxury-residential,,,cost-commercial-management,planning-scheduling,,,london,new-york,,auto-migrated,
12140,2016-05-25,"The Miami Beach EDITION",the-miami-beach-edition-miami-beach-fl,"EDITION- Marriott International",,,,,,,,,,hospitality-gaming,luxury-residential,,,cost-commercial-management,,,,miami,,,auto-migrated,
12130,2016-05-25,"432 Park",432-park-new-york-ny,"432 Park Avenue",,,,,,,,,,luxury-residential,,,,cost-commercial-management,,,,new-york,,,auto-migrated,
12113,2016-05-25,"Jacobs Medical Center Central Energy Plant",uc-san-diego-jacobs-medical-center-central-energy-plant-la-jolla-ca,"UC San Diego",,,,,,,,,,industrial-logistics,,,,cost-commercial-management,program-project-management,,,san-diego,,,auto-migrated,
